ANYO_ACADEMICO;COD_EOI;COD_PROV;NOM_PROV;COD_MUN;NOM_MUN;COD_NIVEL;DESC_NIVEL;CURSO;IDIOMA;NUM_GRUPOS;NUM_ALUMNOS
2021;03011136;03;ALICANTE/ALACANT;03014;ALACANT/ALICANTE;A2;NIVEL BÁSICO;1;ALEMÁN;5;139
2021;03011136;03;ALICANTE/ALACANT;03014;ALACANT/ALICANTE;A2;NIVEL BÁSICO;1;CHINO;3;52
2021;03011136;03;ALICANTE/ALACANT;03014;ALACANT/ALICANTE;A2;NIVEL BÁSICO;1;ESPAÑOL COMO LENGUA EXTRANJERA;5;176
2021;03011136;03;ALICANTE/ALACANT;03014;ALACANT/ALICANTE;A2;NIVEL BÁSICO;1;EUSKERA;1;10
2021;03011136;03;ALICANTE/ALACANT;03014;ALACANT/ALICANTE;A2;NIVEL BÁSICO;1;FRANCÉS;9;227
2021;03011136;03;ALICANTE/ALACANT;03014;ALACANT/ALICANTE;A2;NIVEL BÁSICO;1;INGLÉS;13;367
2021;03011136;03;ALICANTE/ALACANT;03014;ALACANT/ALICANTE;A2;NIVEL BÁSICO;1;ITALIANO;4;114
2021;03011136;03;ALICANTE/ALACANT;03014;ALACANT/ALICANTE;A2;NIVEL BÁSICO;1;JAPONÉS;1;36
2021;03011136;03;ALICANTE/ALACANT;03014;ALACANT/ALICANTE;A2;NIVEL BÁSICO;1;PORTUGUÉS;3;34
2021;03011136;03;ALICANTE/ALACANT;03014;ALACANT/ALICANTE;A2;NIVEL BÁSICO;1;RUSO;3;45
2021;03011136;03;ALICANTE/ALACANT;03014;ALACANT/ALICANTE;A2;NIVEL BÁSICO;1;THAT'S ENGLISH;1;38
2021;03011136;03;ALICANTE/ALACANT;03014;ALACANT/ALICANTE;A2;NIVEL BÁSICO;1;VALENCIANO;2;69
2021;03011136;03;ALICANTE/ALACANT;03014;ALACANT/ALICANTE;A2;NIVEL BÁSICO;1;ÁRABE;3;39
2021;03011136;03;ALICANTE/ALACANT;03014;ALACANT/ALICANTE;A2;NIVEL BÁSICO;2;ALEMÁN;4;69
2021;03011136;03;ALICANTE/ALACANT;03014;ALACANT/ALICANTE;A2;NIVEL BÁSICO;2;CHINO;1;25
2021;03011136;03;ALICANTE/ALACANT;03014;ALACANT/ALICANTE;A2;NIVEL BÁSICO;2;ESPAÑOL COMO LENGUA EXTRANJERA;3;73
2021;03011136;03;ALICANTE/ALACANT;03014;ALACANT/ALICANTE;A2;NIVEL BÁSICO;2;EUSKERA;1;8
2021;03011136;03;ALICANTE/ALACANT;03014;ALACANT/ALICANTE;A2;NIVEL BÁSICO;2;FRANCÉS;6;118
2021;03011136;03;ALICANTE/ALACANT;03014;ALACANT/ALICANTE;A2;NIVEL BÁSICO;2;INGLÉS;10;247
2021;03011136;03;ALICANTE/ALACANT;03014;ALACANT/ALICANTE;A2;NIVEL BÁSICO;2;ITALIANO;3;51
2021;03011136;03;ALICANTE/ALACANT;03014;ALACANT/ALICANTE;A2;NIVEL BÁSICO;2;JAPONÉS;1;31
2021;03011136;03;ALICANTE/ALACANT;03014;ALACANT/ALICANTE;A2;NIVEL BÁSICO;2;PORTUGUÉS;1;9
2021;03011136;03;ALICANTE/ALACANT;03014;ALACANT/ALICANTE;A2;NIVEL BÁSICO;2;RUSO;2;20
2021;03011136;03;ALICANTE/ALACANT;03014;ALACANT/ALICANTE;A2;NIVEL BÁSICO;2;THAT'S ENGLISH;1;40
2021;03011136;03;ALICANTE/ALACANT;03014;ALACANT/ALICANTE;A2;NIVEL BÁSICO;2;ÁRABE;1;13
2021;03011136;03;ALICANTE/ALACANT;03014;ALACANT/ALICANTE;A2;NIVEL BÁSICO;3;CHINO;1;19
2021;03011136;03;ALICANTE/ALACANT;03014;ALACANT/ALICANTE;A2;NIVEL BÁSICO;3;JAPONÉS;1;33
2021;03011136;03;ALICANTE/ALACANT;03014;ALACANT/ALICANTE;A2;NIVEL BÁSICO;3;ÁRABE;1;8
2021;03011136;03;ALICANTE/ALACANT;03014;ALACANT/ALICANTE;B1;NIVEL INTERMEDIO;1;ALEMÁN;3;54
2021;03011136;03;ALICANTE/ALACANT;03014;ALACANT/ALICANTE;B1;NIVEL INTERMEDIO;1;CHINO;1;9
2021;03011136;03;ALICANTE/ALACANT;03014;ALACANT/ALICANTE;B1;NIVEL INTERMEDIO;1;ESPAÑOL COMO LENGUA EXTRANJERA;4;122
2021;03011136;03;ALICANTE/ALACANT;03014;ALACANT/ALICANTE;B1;NIVEL INTERMEDIO;1;EUSKERA;1;5
2021;03011136;03;ALICANTE/ALACANT;03014;ALACANT/ALICANTE;B1;NIVEL INTERMEDIO;1;FRANCÉS;4;75
2021;03011136;03;ALICANTE/ALACANT;03014;ALACANT/ALICANTE;B1;NIVEL INTERMEDIO;1;INGLÉS;14;448
2021;03011136;03;ALICANTE/ALACANT;03014;ALACANT/ALICANTE;B1;NIVEL INTERMEDIO;1;ITALIANO;2;42
2021;03011136;03;ALICANTE/ALACANT;03014;ALACANT/ALICANTE;B1;NIVEL INTERMEDIO;1;JAPONÉS;1;23
2021;03011136;03;ALICANTE/ALACANT;03014;ALACANT/ALICANTE;B1;NIVEL INTERMEDIO;1;PORTUGUÉS;1;11
2021;03011136;03;ALICANTE/ALACANT;03014;ALACANT/ALICANTE;B1;NIVEL INTERMEDIO;1;RUSO;1;12
2021;03011136;03;ALICANTE/ALACANT;03014;ALACANT/ALICANTE;B1;NIVEL INTERMEDIO;1;VALENCIANO;2;41
2021;03011136;03;ALICANTE/ALACANT;03014;ALACANT/ALICANTE;B1;NIVEL INTERMEDIO;1;ÁRABE;1;7
2021;03011136;03;ALICANTE/ALACANT;03014;ALACANT/ALICANTE;B1;NIVEL INTERMEDIO;2;ALEMÁN;2;46
2021;03011136;03;ALICANTE/ALACANT;03014;ALACANT/ALICANTE;B1;NIVEL INTERMEDIO;2;EUSKERA;1;11
2021;03011136;03;ALICANTE/ALACANT;03014;ALACANT/ALICANTE;B1;NIVEL INTERMEDIO;2;FRANCÉS;3;54
2021;03011136;03;ALICANTE/ALACANT;03014;ALACANT/ALICANTE;B1;NIVEL INTERMEDIO;2;INGLÉS;12;264
2021;03011136;03;ALICANTE/ALACANT;03014;ALACANT/ALICANTE;B1;NIVEL INTERMEDIO;2;RUSO;1;6
2021;03011136;03;ALICANTE/ALACANT;03014;ALACANT/ALICANTE;B1;NIVEL INTERMEDIO;2;ÁRABE;1;6
2021;03011136;03;ALICANTE/ALACANT;03014;ALACANT/ALICANTE;B1;NIVEL INTERMEDIO;3;CHINO;1;8
2021;03011136;03;ALICANTE/ALACANT;03014;ALACANT/ALICANTE;B2;NIVEL INTERMEDIO;1;ALEMÁN;1;18
2021;03011136;03;ALICANTE/ALACANT;03014;ALACANT/ALICANTE;B2;NIVEL INTERMEDIO;1;CHINO;1;2
2021;03011136;03;ALICANTE/ALACANT;03014;ALACANT/ALICANTE;B2;NIVEL INTERMEDIO;1;ESPAÑOL COMO LENGUA EXTRANJERA;3;92
2021;03011136;03;ALICANTE/ALACANT;03014;ALACANT/ALICANTE;B2;NIVEL INTERMEDIO;1;FRANCÉS;2;48
2021;03011136;03;ALICANTE/ALACANT;03014;ALACANT/ALICANTE;B2;NIVEL INTERMEDIO;1;INGLÉS;15;405
2021;03011136;03;ALICANTE/ALACANT;03014;ALACANT/ALICANTE;B2;NIVEL INTERMEDIO;1;ITALIANO;2;33
2021;03011136;03;ALICANTE/ALACANT;03014;ALACANT/ALICANTE;B2;NIVEL INTERMEDIO;1;PORTUGUÉS;1;9
2021;03011136;03;ALICANTE/ALACANT;03014;ALACANT/ALICANTE;B2;NIVEL INTERMEDIO;1;RUSO;1;4
2021;03011136;03;ALICANTE/ALACANT;03014;ALACANT/ALICANTE;B2;NIVEL INTERMEDIO;1;VALENCIANO;2;63
2021;03011136;03;ALICANTE/ALACANT;03014;ALACANT/ALICANTE;B2;NIVEL INTERMEDIO;2;ALEMÁN;1;18
2021;03011136;03;ALICANTE/ALACANT;03014;ALACANT/ALICANTE;B2;NIVEL INTERMEDIO;2;FRANCÉS;2;33
2021;03011136;03;ALICANTE/ALACANT;03014;ALACANT/ALICANTE;B2;NIVEL INTERMEDIO;2;INGLÉS;11;276
2021;03011136;03;ALICANTE/ALACANT;03014;ALACANT/ALICANTE;B2;NIVEL INTERMEDIO;2;ITALIANO;1;29
2021;03011136;03;ALICANTE/ALACANT;03014;ALACANT/ALICANTE;B2;NIVEL INTERMEDIO;2;PORTUGUÉS;1;6
2021;03011136;03;ALICANTE/ALACANT;03014;ALACANT/ALICANTE;B2;NIVEL INTERMEDIO;2;ÁRABE;1;3
2021;03011136;03;ALICANTE/ALACANT;03014;ALACANT/ALICANTE;C1;NIVEL AVANZADO;1;ALEMÁN;1;6
2021;03011136;03;ALICANTE/ALACANT;03014;ALACANT/ALICANTE;C1;NIVEL AVANZADO;1;ESPAÑOL COMO LENGUA EXTRANJERA;3;53
2021;03011136;03;ALICANTE/ALACANT;03014;ALACANT/ALICANTE;C1;NIVEL AVANZADO;1;FRANCÉS;1;22
2021;03011136;03;ALICANTE/ALACANT;03014;ALACANT/ALICANTE;C1;NIVEL AVANZADO;1;INGLÉS;13;304
2021;03011136;03;ALICANTE/ALACANT;03014;ALACANT/ALICANTE;C1;NIVEL AVANZADO;1;ITALIANO;1;11
2021;03011136;03;ALICANTE/ALACANT;03014;ALACANT/ALICANTE;C1;NIVEL AVANZADO;1;PORTUGUÉS;1;6
2021;03011136;03;ALICANTE/ALACANT;03014;ALACANT/ALICANTE;C1;NIVEL AVANZADO;1;VALENCIANO;2;52
2021;03011136;03;ALICANTE/ALACANT;03014;ALACANT/ALICANTE;C1;NIVEL AVANZADO;2;ALEMÁN;1;2
2021;03011136;03;ALICANTE/ALACANT;03014;ALACANT/ALICANTE;C1;NIVEL AVANZADO;2;FRANCÉS;1;16
2021;03011136;03;ALICANTE/ALACANT;03014;ALACANT/ALICANTE;C1;NIVEL AVANZADO;2;INGLÉS;10;185
2021;03011136;03;ALICANTE/ALACANT;03014;ALACANT/ALICANTE;C2;NIVEL AVANZADO;1;ALEMÁN;1;8
2021;03011136;03;ALICANTE/ALACANT;03014;ALACANT/ALICANTE;C2;NIVEL AVANZADO;1;ESPAÑOL COMO LENGUA EXTRANJERA;2;37
2021;03011136;03;ALICANTE/ALACANT;03014;ALACANT/ALICANTE;C2;NIVEL AVANZADO;1;INGLÉS;3;58
2021;03011136;03;ALICANTE/ALACANT;03014;ALACANT/ALICANTE;C2;NIVEL AVANZADO;1;VALENCIANO;2;45
2021;03011136;03;ALICANTE/ALACANT;03014;ALACANT/ALICANTE;C2;NIVEL AVANZADO;2;ALEMÁN;1;7
2021;03011136;03;ALICANTE/ALACANT;03014;ALACANT/ALICANTE;C2;NIVEL AVANZADO;2;INGLÉS;3;59
2021;03011136;03;ALICANTE/ALACANT;03014;ALACANT/ALICANTE;C2;NIVEL AVANZADO;2;VALENCIANO;1;25
2021;03011136;03;ALICANTE/ALACANT;03014;ALACANT/ALICANTE;COMPLEMENTARIO TIPO A;SIN DEFINIR;A;ALEMÁN;2;12
2021;03011136;03;ALICANTE/ALACANT;03014;ALACANT/ALICANTE;COMPLEMENTARIO TIPO A;SIN DEFINIR;A;CHINO;1;6
2021;03011136;03;ALICANTE/ALACANT;03014;ALACANT/ALICANTE;COMPLEMENTARIO TIPO A;SIN DEFINIR;A;ESPAÑOL COMO LENGUA EXTRANJERA;3;38
2021;03011136;03;ALICANTE/ALACANT;03014;ALACANT/ALICANTE;COMPLEMENTARIO TIPO A;SIN DEFINIR;A;FRANCÉS;4;7
2021;03011136;03;ALICANTE/ALACANT;03014;ALACANT/ALICANTE;COMPLEMENTARIO TIPO A;SIN DEFINIR;A;INGLÉS;12;113
2021;03011136;03;ALICANTE/ALACANT;03014;ALACANT/ALICANTE;COMPLEMENTARIO TIPO A;SIN DEFINIR;A;ITALIANO;1;1
2021;03011136;03;ALICANTE/ALACANT;03014;ALACANT/ALICANTE;COMPLEMENTARIO TIPO A;SIN DEFINIR;A;PORTUGUÉS;1;2
2021;03011136;03;ALICANTE/ALACANT;03014;ALACANT/ALICANTE;COMPLEMENTARIO TIPO A;SIN DEFINIR;A;RUSO;1;2
2021;03011136;03;ALICANTE/ALACANT;03014;ALACANT/ALICANTE;COMPLEMENTARIO TIPO A;SIN DEFINIR;A;VALENCIANO;2;3
2021;03011136;03;ALICANTE/ALACANT;03014;ALACANT/ALICANTE;COMPLEMENTARIO TIPO A;SIN DEFINIR;A;ÁRABE;1;2
2021;03011136;03;ALICANTE/ALACANT;03014;ALACANT/ALICANTE;COMPLEMENTARIO TIPO B;SIN DEFINIR;B;FRANCÉS;1;2
2021;03011136;03;ALICANTE/ALACANT;03014;ALACANT/ALICANTE;COMPLEMENTARIO TIPO B;SIN DEFINIR;B;INGLÉS;2;7
2021;03011136;03;ALICANTE/ALACANT;03014;ALACANT/ALICANTE;COMPLEMENTARIO TIPO B;SIN DEFINIR;B;ITALIANO;1;2
2021;03012359;03;ALICANTE/ALACANT;03065;ELX/ELCHE;A2;NIVEL BÁSICO;1;ALEMÁN;3;83
2021;03012359;03;ALICANTE/ALACANT;03065;ELX/ELCHE;A2;NIVEL BÁSICO;1;FRANCÉS;6;142
2021;03012359;03;ALICANTE/ALACANT;03065;ELX/ELCHE;A2;NIVEL BÁSICO;1;INGLÉS;12;179
2021;03012359;03;ALICANTE/ALACANT;03065;ELX/ELCHE;A2;NIVEL BÁSICO;1;ITALIANO;4;83
2021;03012359;03;ALICANTE/ALACANT;03065;ELX/ELCHE;A2;NIVEL BÁSICO;1;JAPONÉS;2;65
2021;03012359;03;ALICANTE/ALACANT;03065;ELX/ELCHE;A2;NIVEL BÁSICO;1;THAT'S ENGLISH;2;22
2021;03012359;03;ALICANTE/ALACANT;03065;ELX/ELCHE;A2;NIVEL BÁSICO;1;VALENCIANO;2;48
2021;03012359;03;ALICANTE/ALACANT;03065;ELX/ELCHE;A2;NIVEL BÁSICO;1;ÁRABE;2;24
2021;03012359;03;ALICANTE/ALACANT;03065;ELX/ELCHE;A2;NIVEL BÁSICO;2;ALEMÁN;3;39
2021;03012359;03;ALICANTE/ALACANT;03065;ELX/ELCHE;A2;NIVEL BÁSICO;2;FRANCÉS;3;54
2021;03012359;03;ALICANTE/ALACANT;03065;ELX/ELCHE;A2;NIVEL BÁSICO;2;INGLÉS;11;237
2021;03012359;03;ALICANTE/ALACANT;03065;ELX/ELCHE;A2;NIVEL BÁSICO;2;ITALIANO;3;47
2021;03012359;03;ALICANTE/ALACANT;03065;ELX/ELCHE;A2;NIVEL BÁSICO;2;JAPONÉS;1;27
2021;03012359;03;ALICANTE/ALACANT;03065;ELX/ELCHE;A2;NIVEL BÁSICO;2;THAT'S ENGLISH;1;25
2021;03012359;03;ALICANTE/ALACANT;03065;ELX/ELCHE;A2;NIVEL BÁSICO;2;ÁRABE;1;10
2021;03012359;03;ALICANTE/ALACANT;03065;ELX/ELCHE;A2;NIVEL BÁSICO;3;JAPONÉS;1;25
2021;03012359;03;ALICANTE/ALACANT;03065;ELX/ELCHE;A2;NIVEL BÁSICO;3;ÁRABE;1;4
2021;03012359;03;ALICANTE/ALACANT;03065;ELX/ELCHE;B1;NIVEL INTERMEDIO;1;ALEMÁN;3;42
2021;03012359;03;ALICANTE/ALACANT;03065;ELX/ELCHE;B1;NIVEL INTERMEDIO;1;FRANCÉS;3;64
2021;03012359;03;ALICANTE/ALACANT;03065;ELX/ELCHE;B1;NIVEL INTERMEDIO;1;INGLÉS;16;436
2021;03012359;03;ALICANTE/ALACANT;03065;ELX/ELCHE;B1;NIVEL INTERMEDIO;1;ITALIANO;2;20
2021;03012359;03;ALICANTE/ALACANT;03065;ELX/ELCHE;B1;NIVEL INTERMEDIO;1;VALENCIANO;1;23
2021;03012359;03;ALICANTE/ALACANT;03065;ELX/ELCHE;B1;NIVEL INTERMEDIO;1;ÁRABE;1;3
2021;03012359;03;ALICANTE/ALACANT;03065;ELX/ELCHE;B1;NIVEL INTERMEDIO;2;ALEMÁN;1;10
2021;03012359;03;ALICANTE/ALACANT;03065;ELX/ELCHE;B1;NIVEL INTERMEDIO;2;FRANCÉS;2;32
2021;03012359;03;ALICANTE/ALACANT;03065;ELX/ELCHE;B1;NIVEL INTERMEDIO;2;INGLÉS;12;269
2021;03012359;03;ALICANTE/ALACANT;03065;ELX/ELCHE;B1;NIVEL INTERMEDIO;2;ÁRABE;1;4
2021;03012359;03;ALICANTE/ALACANT;03065;ELX/ELCHE;B2;NIVEL INTERMEDIO;1;ALEMÁN;1;12
2021;03012359;03;ALICANTE/ALACANT;03065;ELX/ELCHE;B2;NIVEL INTERMEDIO;1;FRANCÉS;1;18
2021;03012359;03;ALICANTE/ALACANT;03065;ELX/ELCHE;B2;NIVEL INTERMEDIO;1;INGLÉS;12;292
2021;03012359;03;ALICANTE/ALACANT;03065;ELX/ELCHE;B2;NIVEL INTERMEDIO;1;ITALIANO;1;5
2021;03012359;03;ALICANTE/ALACANT;03065;ELX/ELCHE;B2;NIVEL INTERMEDIO;1;VALENCIANO;2;62
2021;03012359;03;ALICANTE/ALACANT;03065;ELX/ELCHE;B2;NIVEL INTERMEDIO;1;ÁRABE;1;3
2021;03012359;03;ALICANTE/ALACANT;03065;ELX/ELCHE;B2;NIVEL INTERMEDIO;2;ALEMÁN;1;12
2021;03012359;03;ALICANTE/ALACANT;03065;ELX/ELCHE;B2;NIVEL INTERMEDIO;2;FRANCÉS;1;24
2021;03012359;03;ALICANTE/ALACANT;03065;ELX/ELCHE;B2;NIVEL INTERMEDIO;2;INGLÉS;10;247
2021;03012359;03;ALICANTE/ALACANT;03065;ELX/ELCHE;B2;NIVEL INTERMEDIO;2;ITALIANO;1;19
2021;03012359;03;ALICANTE/ALACANT;03065;ELX/ELCHE;B2;NIVEL INTERMEDIO;2;ÁRABE;1;5
2021;03012359;03;ALICANTE/ALACANT;03065;ELX/ELCHE;C1;NIVEL AVANZADO;1;FRANCÉS;1;10
2021;03012359;03;ALICANTE/ALACANT;03065;ELX/ELCHE;C1;NIVEL AVANZADO;1;INGLÉS;8;187
2021;03012359;03;ALICANTE/ALACANT;03065;ELX/ELCHE;C1;NIVEL AVANZADO;1;ITALIANO;1;14
2021;03012359;03;ALICANTE/ALACANT;03065;ELX/ELCHE;C1;NIVEL AVANZADO;1;VALENCIANO;2;52
2021;03012359;03;ALICANTE/ALACANT;03065;ELX/ELCHE;C1;NIVEL AVANZADO;2;ALEMÁN;1;8
2021;03012359;03;ALICANTE/ALACANT;03065;ELX/ELCHE;C1;NIVEL AVANZADO;2;FRANCÉS;1;6
2021;03012359;03;ALICANTE/ALACANT;03065;ELX/ELCHE;C1;NIVEL AVANZADO;2;INGLÉS;6;90
2021;03012359;03;ALICANTE/ALACANT;03065;ELX/ELCHE;C2;NIVEL AVANZADO;1;INGLÉS;2;51
2021;03012359;03;ALICANTE/ALACANT;03065;ELX/ELCHE;C2;NIVEL AVANZADO;1;VALENCIANO;3;48
2021;03012359;03;ALICANTE/ALACANT;03065;ELX/ELCHE;C2;NIVEL AVANZADO;2;INGLÉS;1;21
2021;03012359;03;ALICANTE/ALACANT;03065;ELX/ELCHE;C2;NIVEL AVANZADO;2;VALENCIANO;2;27
2021;03012359;03;ALICANTE/ALACANT;03065;ELX/ELCHE;COMPLEMENTARIO TIPO A;SIN DEFINIR;A;FRANCÉS;4;16
2021;03012359;03;ALICANTE/ALACANT;03065;ELX/ELCHE;COMPLEMENTARIO TIPO A;SIN DEFINIR;A;INGLÉS;9;99
2021;03012359;03;ALICANTE/ALACANT;03065;ELX/ELCHE;COMPLEMENTARIO TIPO A;SIN DEFINIR;A;ITALIANO;1;2
2021;03012359;03;ALICANTE/ALACANT;03065;ELX/ELCHE;COMPLEMENTARIO TIPO B;SIN DEFINIR;B;INGLÉS;4;50
2021;03012359;03;ALICANTE/ALACANT;03065;ELX/ELCHE;COMPLEMENTARIO TIPO B;SIN DEFINIR;B;ÁRABE;2;3
2021;03015579;03;ALICANTE/ALACANT;03133;TORREVIEJA;A2;NIVEL BÁSICO;1;ALEMÁN;4;58
2021;03015579;03;ALICANTE/ALACANT;03133;TORREVIEJA;A2;NIVEL BÁSICO;1;ESPAÑOL COMO LENGUA EXTRANJERA;5;175
2021;03015579;03;ALICANTE/ALACANT;03133;TORREVIEJA;A2;NIVEL BÁSICO;1;FRANCÉS;4;80
2021;03015579;03;ALICANTE/ALACANT;03133;TORREVIEJA;A2;NIVEL BÁSICO;1;INGLÉS;8;241
2021;03015579;03;ALICANTE/ALACANT;03133;TORREVIEJA;A2;NIVEL BÁSICO;1;RUSO;1;33
2021;03015579;03;ALICANTE/ALACANT;03133;TORREVIEJA;A2;NIVEL BÁSICO;1;VALENCIANO;2;40
2021;03015579;03;ALICANTE/ALACANT;03133;TORREVIEJA;A2;NIVEL BÁSICO;2;ALEMÁN;2;36
2021;03015579;03;ALICANTE/ALACANT;03133;TORREVIEJA;A2;NIVEL BÁSICO;2;ESPAÑOL COMO LENGUA EXTRANJERA;4;125
2021;03015579;03;ALICANTE/ALACANT;03133;TORREVIEJA;A2;NIVEL BÁSICO;2;FRANCÉS;2;39
2021;03015579;03;ALICANTE/ALACANT;03133;TORREVIEJA;A2;NIVEL BÁSICO;2;INGLÉS;6;138
2021;03015579;03;ALICANTE/ALACANT;03133;TORREVIEJA;A2;NIVEL BÁSICO;2;RUSO;1;10
2021;03015579;03;ALICANTE/ALACANT;03133;TORREVIEJA;B1;NIVEL INTERMEDIO;1;ALEMÁN;1;23
2021;03015579;03;ALICANTE/ALACANT;03133;TORREVIEJA;B1;NIVEL INTERMEDIO;1;ESPAÑOL COMO LENGUA EXTRANJERA;4;121
2021;03015579;03;ALICANTE/ALACANT;03133;TORREVIEJA;B1;NIVEL INTERMEDIO;1;FRANCÉS;2;31
2021;03015579;03;ALICANTE/ALACANT;03133;TORREVIEJA;B1;NIVEL INTERMEDIO;1;INGLÉS;7;169
2021;03015579;03;ALICANTE/ALACANT;03133;TORREVIEJA;B1;NIVEL INTERMEDIO;1;RUSO;1;12
2021;03015579;03;ALICANTE/ALACANT;03133;TORREVIEJA;B1;NIVEL INTERMEDIO;1;VALENCIANO;2;20
2021;03015579;03;ALICANTE/ALACANT;03133;TORREVIEJA;B1;NIVEL INTERMEDIO;2;ALEMÁN;1;13
2021;03015579;03;ALICANTE/ALACANT;03133;TORREVIEJA;B1;NIVEL INTERMEDIO;2;FRANCÉS;1;19
2021;03015579;03;ALICANTE/ALACANT;03133;TORREVIEJA;B1;NIVEL INTERMEDIO;2;INGLÉS;6;118
2021;03015579;03;ALICANTE/ALACANT;03133;TORREVIEJA;B1;NIVEL INTERMEDIO;2;RUSO;1;16
2021;03015579;03;ALICANTE/ALACANT;03133;TORREVIEJA;B2;NIVEL INTERMEDIO;1;ALEMÁN;1;14
2021;03015579;03;ALICANTE/ALACANT;03133;TORREVIEJA;B2;NIVEL INTERMEDIO;1;ESPAÑOL COMO LENGUA EXTRANJERA;2;53
2021;03015579;03;ALICANTE/ALACANT;03133;TORREVIEJA;B2;NIVEL INTERMEDIO;1;INGLÉS;3;81
2021;03015579;03;ALICANTE/ALACANT;03133;TORREVIEJA;B2;NIVEL INTERMEDIO;1;VALENCIANO;1;27
2021;03015579;03;ALICANTE/ALACANT;03133;TORREVIEJA;B2;NIVEL INTERMEDIO;2;FRANCÉS;1;11
2021;03015579;03;ALICANTE/ALACANT;03133;TORREVIEJA;B2;NIVEL INTERMEDIO;2;INGLÉS;3;68
2021;03015579;03;ALICANTE/ALACANT;03133;TORREVIEJA;C1;NIVEL AVANZADO;1;ESPAÑOL COMO LENGUA EXTRANJERA;1;26
2021;03015579;03;ALICANTE/ALACANT;03133;TORREVIEJA;C1;NIVEL AVANZADO;1;INGLÉS;2;52
2021;03015579;03;ALICANTE/ALACANT;03133;TORREVIEJA;C1;NIVEL AVANZADO;1;VALENCIANO;1;24
2021;03015579;03;ALICANTE/ALACANT;03133;TORREVIEJA;C1;NIVEL AVANZADO;2;INGLÉS;1;20
2021;03015579;03;ALICANTE/ALACANT;03133;TORREVIEJA;C2;NIVEL AVANZADO;1;ESPAÑOL COMO LENGUA EXTRANJERA;1;13
2021;03015579;03;ALICANTE/ALACANT;03133;TORREVIEJA;C2;NIVEL AVANZADO;1;VALENCIANO;1;18
2021;03015579;03;ALICANTE/ALACANT;03133;TORREVIEJA;C2;NIVEL AVANZADO;2;INGLÉS;1;16
2021;03015579;03;ALICANTE/ALACANT;03133;TORREVIEJA;C2;NIVEL AVANZADO;2;VALENCIANO;1;7
2021;03015579;03;ALICANTE/ALACANT;03133;TORREVIEJA;COMPLEMENTARIO TIPO A;SIN DEFINIR;A;ESPAÑOL COMO LENGUA EXTRANJERA;3;52
2021;03015579;03;ALICANTE/ALACANT;03133;TORREVIEJA;COMPLEMENTARIO TIPO A;SIN DEFINIR;A;INGLÉS;3;43
2021;03015579;03;ALICANTE/ALACANT;03133;TORREVIEJA;COMPLEMENTARIO TIPO B;SIN DEFINIR;B;INGLÉS;1;8
2021;03016161;03;ALICANTE/ALACANT;03031;BENIDORM;A2;NIVEL BÁSICO;1;ALEMÁN;3;46
2021;03016161;03;ALICANTE/ALACANT;03031;BENIDORM;A2;NIVEL BÁSICO;1;ESPAÑOL COMO LENGUA EXTRANJERA;4;140
2021;03016161;03;ALICANTE/ALACANT;03031;BENIDORM;A2;NIVEL BÁSICO;1;FRANCÉS;3;69
2021;03016161;03;ALICANTE/ALACANT;03031;BENIDORM;A2;NIVEL BÁSICO;1;INGLÉS;7;173
2021;03016161;03;ALICANTE/ALACANT;03031;BENIDORM;A2;NIVEL BÁSICO;1;ITALIANO;3;35
2021;03016161;03;ALICANTE/ALACANT;03031;BENIDORM;A2;NIVEL BÁSICO;1;THAT'S ENGLISH;1;12
2021;03016161;03;ALICANTE/ALACANT;03031;BENIDORM;A2;NIVEL BÁSICO;1;VALENCIANO;1;34
2021;03016161;03;ALICANTE/ALACANT;03031;BENIDORM;A2;NIVEL BÁSICO;2;ALEMÁN;3;21
2021;03016161;03;ALICANTE/ALACANT;03031;BENIDORM;A2;NIVEL BÁSICO;2;ESPAÑOL COMO LENGUA EXTRANJERA;3;60
2021;03016161;03;ALICANTE/ALACANT;03031;BENIDORM;A2;NIVEL BÁSICO;2;FRANCÉS;3;42
2021;03016161;03;ALICANTE/ALACANT;03031;BENIDORM;A2;NIVEL BÁSICO;2;INGLÉS;5;83
2021;03016161;03;ALICANTE/ALACANT;03031;BENIDORM;A2;NIVEL BÁSICO;2;ITALIANO;2;14
2021;03016161;03;ALICANTE/ALACANT;03031;BENIDORM;A2;NIVEL BÁSICO;2;THAT'S ENGLISH;1;19
2021;03016161;03;ALICANTE/ALACANT;03031;BENIDORM;B1;NIVEL INTERMEDIO;1;ALEMÁN;1;11
2021;03016161;03;ALICANTE/ALACANT;03031;BENIDORM;B1;NIVEL INTERMEDIO;1;ESPAÑOL COMO LENGUA EXTRANJERA;3;73
2021;03016161;03;ALICANTE/ALACANT;03031;BENIDORM;B1;NIVEL INTERMEDIO;1;FRANCÉS;2;26
2021;03016161;03;ALICANTE/ALACANT;03031;BENIDORM;B1;NIVEL INTERMEDIO;1;INGLÉS;9;200
2021;03016161;03;ALICANTE/ALACANT;03031;BENIDORM;B1;NIVEL INTERMEDIO;1;ITALIANO;1;7
2021;03016161;03;ALICANTE/ALACANT;03031;BENIDORM;B1;NIVEL INTERMEDIO;1;VALENCIANO;1;14
2021;03016161;03;ALICANTE/ALACANT;03031;BENIDORM;B1;NIVEL INTERMEDIO;2;ALEMÁN;1;16
2021;03016161;03;ALICANTE/ALACANT;03031;BENIDORM;B1;NIVEL INTERMEDIO;2;FRANCÉS;2;22
2021;03016161;03;ALICANTE/ALACANT;03031;BENIDORM;B1;NIVEL INTERMEDIO;2;INGLÉS;8;159
2021;03016161;03;ALICANTE/ALACANT;03031;BENIDORM;B2;NIVEL INTERMEDIO;1;ALEMÁN;1;5
2021;03016161;03;ALICANTE/ALACANT;03031;BENIDORM;B2;NIVEL INTERMEDIO;1;ESPAÑOL COMO LENGUA EXTRANJERA;3;49
2021;03016161;03;ALICANTE/ALACANT;03031;BENIDORM;B2;NIVEL INTERMEDIO;1;FRANCÉS;2;11
2021;03016161;03;ALICANTE/ALACANT;03031;BENIDORM;B2;NIVEL INTERMEDIO;1;INGLÉS;7;144
2021;03016161;03;ALICANTE/ALACANT;03031;BENIDORM;B2;NIVEL INTERMEDIO;1;ITALIANO;1;6
2021;03016161;03;ALICANTE/ALACANT;03031;BENIDORM;B2;NIVEL INTERMEDIO;1;VALENCIANO;1;31
2021;03016161;03;ALICANTE/ALACANT;03031;BENIDORM;B2;NIVEL INTERMEDIO;2;ALEMÁN;1;6
2021;03016161;03;ALICANTE/ALACANT;03031;BENIDORM;B2;NIVEL INTERMEDIO;2;FRANCÉS;1;5
2021;03016161;03;ALICANTE/ALACANT;03031;BENIDORM;B2;NIVEL INTERMEDIO;2;INGLÉS;6;128
2021;03016161;03;ALICANTE/ALACANT;03031;BENIDORM;B2;NIVEL INTERMEDIO;2;ITALIANO;1;11
2021;03016161;03;ALICANTE/ALACANT;03031;BENIDORM;C1;NIVEL AVANZADO;1;ESPAÑOL COMO LENGUA EXTRANJERA;1;22
2021;03016161;03;ALICANTE/ALACANT;03031;BENIDORM;C1;NIVEL AVANZADO;1;INGLÉS;4;73
2021;03016161;03;ALICANTE/ALACANT;03031;BENIDORM;C1;NIVEL AVANZADO;1;VALENCIANO;2;50
2021;03016161;03;ALICANTE/ALACANT;03031;BENIDORM;C1;NIVEL AVANZADO;2;INGLÉS;3;50
2021;03016161;03;ALICANTE/ALACANT;03031;BENIDORM;C2;NIVEL AVANZADO;1;INGLÉS;1;24
2021;03016161;03;ALICANTE/ALACANT;03031;BENIDORM;C2;NIVEL AVANZADO;1;VALENCIANO;2;30
2021;03016161;03;ALICANTE/ALACANT;03031;BENIDORM;C2;NIVEL AVANZADO;2;INGLÉS;1;12
2021;03016161;03;ALICANTE/ALACANT;03031;BENIDORM;C2;NIVEL AVANZADO;2;VALENCIANO;2;19
2021;03016161;03;ALICANTE/ALACANT;03031;BENIDORM;COMPLEMENTARIO TIPO A;SIN DEFINIR;A;ALEMÁN;1;6
2021;03016161;03;ALICANTE/ALACANT;03031;BENIDORM;COMPLEMENTARIO TIPO A;SIN DEFINIR;A;ESPAÑOL COMO LENGUA EXTRANJERA;3;31
2021;03016161;03;ALICANTE/ALACANT;03031;BENIDORM;COMPLEMENTARIO TIPO A;SIN DEFINIR;A;FRANCÉS;1;7
2021;03016161;03;ALICANTE/ALACANT;03031;BENIDORM;COMPLEMENTARIO TIPO A;SIN DEFINIR;A;INGLÉS;7;57
2021;03016161;03;ALICANTE/ALACANT;03031;BENIDORM;COMPLEMENTARIO TIPO A;SIN DEFINIR;A;ITALIANO;1;7
2021;03016161;03;ALICANTE/ALACANT;03031;BENIDORM;COMPLEMENTARIO TIPO A;SIN DEFINIR;A;VALENCIANO;1;6
2021;03016161;03;ALICANTE/ALACANT;03031;BENIDORM;COMPLEMENTARIO TIPO B;SIN DEFINIR;B;ALEMÁN;1;7
2021;03016161;03;ALICANTE/ALACANT;03031;BENIDORM;COMPLEMENTARIO TIPO B;SIN DEFINIR;B;ESPAÑOL COMO LENGUA EXTRANJERA;1;18
2021;03017825;03;ALICANTE/ALACANT;03009;ALCOI/ALCOY;A2;NIVEL BÁSICO;1;ALEMÁN;3;45
2021;03017825;03;ALICANTE/ALACANT;03009;ALCOI/ALCOY;A2;NIVEL BÁSICO;1;FRANCÉS;3;41
2021;03017825;03;ALICANTE/ALACANT;03009;ALCOI/ALCOY;A2;NIVEL BÁSICO;1;INGLÉS;2;60
2021;03017825;03;ALICANTE/ALACANT;03009;ALCOI/ALCOY;A2;NIVEL BÁSICO;2;ALEMÁN;2;14
2021;03017825;03;ALICANTE/ALACANT;03009;ALCOI/ALCOY;A2;NIVEL BÁSICO;2;FRANCÉS;4;36
2021;03017825;03;ALICANTE/ALACANT;03009;ALCOI/ALCOY;A2;NIVEL BÁSICO;2;INGLÉS;2;69
2021;03017825;03;ALICANTE/ALACANT;03009;ALCOI/ALCOY;B1;NIVEL INTERMEDIO;1;ALEMÁN;1;7
2021;03017825;03;ALICANTE/ALACANT;03009;ALCOI/ALCOY;B1;NIVEL INTERMEDIO;1;FRANCÉS;1;17
2021;03017825;03;ALICANTE/ALACANT;03009;ALCOI/ALCOY;B1;NIVEL INTERMEDIO;1;INGLÉS;6;138
2021;03017825;03;ALICANTE/ALACANT;03009;ALCOI/ALCOY;B1;NIVEL INTERMEDIO;2;ALEMÁN;1;7
2021;03017825;03;ALICANTE/ALACANT;03009;ALCOI/ALCOY;B1;NIVEL INTERMEDIO;2;FRANCÉS;1;10
2021;03017825;03;ALICANTE/ALACANT;03009;ALCOI/ALCOY;B1;NIVEL INTERMEDIO;2;INGLÉS;5;85
2021;03017825;03;ALICANTE/ALACANT;03009;ALCOI/ALCOY;B2;NIVEL INTERMEDIO;1;ALEMÁN;1;5
2021;03017825;03;ALICANTE/ALACANT;03009;ALCOI/ALCOY;B2;NIVEL INTERMEDIO;1;FRANCÉS;1;11
2021;03017825;03;ALICANTE/ALACANT;03009;ALCOI/ALCOY;B2;NIVEL INTERMEDIO;1;INGLÉS;6;90
2021;03017825;03;ALICANTE/ALACANT;03009;ALCOI/ALCOY;B2;NIVEL INTERMEDIO;1;VALENCIANO;2;50
2021;03017825;03;ALICANTE/ALACANT;03009;ALCOI/ALCOY;B2;NIVEL INTERMEDIO;2;ALEMÁN;1;9
2021;03017825;03;ALICANTE/ALACANT;03009;ALCOI/ALCOY;B2;NIVEL INTERMEDIO;2;FRANCÉS;1;7
2021;03017825;03;ALICANTE/ALACANT;03009;ALCOI/ALCOY;B2;NIVEL INTERMEDIO;2;INGLÉS;5;100
2021;03017825;03;ALICANTE/ALACANT;03009;ALCOI/ALCOY;C1;NIVEL AVANZADO;1;FRANCÉS;1;15
2021;03017825;03;ALICANTE/ALACANT;03009;ALCOI/ALCOY;C1;NIVEL AVANZADO;1;INGLÉS;4;76
2021;03017825;03;ALICANTE/ALACANT;03009;ALCOI/ALCOY;C1;NIVEL AVANZADO;1;VALENCIANO;1;13
2021;03017825;03;ALICANTE/ALACANT;03009;ALCOI/ALCOY;C1;NIVEL AVANZADO;2;INGLÉS;2;34
2021;03017825;03;ALICANTE/ALACANT;03009;ALCOI/ALCOY;C2;NIVEL AVANZADO;2;VALENCIANO;1;19
2021;03017825;03;ALICANTE/ALACANT;03009;ALCOI/ALCOY;COMPLEMENTARIO TIPO A;SIN DEFINIR;A;INGLÉS;1;9
2021;03018283;03;ALICANTE/ALACANT;03063;DÉNIA;A2;NIVEL BÁSICO;1;ALEMÁN;2;38
2021;03018283;03;ALICANTE/ALACANT;03063;DÉNIA;A2;NIVEL BÁSICO;1;ESPAÑOL COMO LENGUA EXTRANJERA;2;52
2021;03018283;03;ALICANTE/ALACANT;03063;DÉNIA;A2;NIVEL BÁSICO;1;FRANCÉS;2;45
2021;03018283;03;ALICANTE/ALACANT;03063;DÉNIA;A2;NIVEL BÁSICO;1;INGLÉS;4;91
2021;03018283;03;ALICANTE/ALACANT;03063;DÉNIA;A2;NIVEL BÁSICO;2;ALEMÁN;2;13
2021;03018283;03;ALICANTE/ALACANT;03063;DÉNIA;A2;NIVEL BÁSICO;2;ESPAÑOL COMO LENGUA EXTRANJERA;2;34
2021;03018283;03;ALICANTE/ALACANT;03063;DÉNIA;A2;NIVEL BÁSICO;2;FRANCÉS;3;32
2021;03018283;03;ALICANTE/ALACANT;03063;DÉNIA;A2;NIVEL BÁSICO;2;INGLÉS;4;65
2021;03018283;03;ALICANTE/ALACANT;03063;DÉNIA;B1;NIVEL INTERMEDIO;1;ALEMÁN;1;20
2021;03018283;03;ALICANTE/ALACANT;03063;DÉNIA;B1;NIVEL INTERMEDIO;1;ESPAÑOL COMO LENGUA EXTRANJERA;2;35
2021;03018283;03;ALICANTE/ALACANT;03063;DÉNIA;B1;NIVEL INTERMEDIO;1;FRANCÉS;2;35
2021;03018283;03;ALICANTE/ALACANT;03063;DÉNIA;B1;NIVEL INTERMEDIO;1;INGLÉS;5;122
2021;03018283;03;ALICANTE/ALACANT;03063;DÉNIA;B1;NIVEL INTERMEDIO;1;VALENCIANO;1;13
2021;03018283;03;ALICANTE/ALACANT;03063;DÉNIA;B1;NIVEL INTERMEDIO;2;ALEMÁN;1;16
2021;03018283;03;ALICANTE/ALACANT;03063;DÉNIA;B1;NIVEL INTERMEDIO;2;FRANCÉS;1;7
2021;03018283;03;ALICANTE/ALACANT;03063;DÉNIA;B1;NIVEL INTERMEDIO;2;INGLÉS;4;86
2021;03018283;03;ALICANTE/ALACANT;03063;DÉNIA;B2;NIVEL INTERMEDIO;1;ALEMÁN;1;5
2021;03018283;03;ALICANTE/ALACANT;03063;DÉNIA;B2;NIVEL INTERMEDIO;1;ESPAÑOL COMO LENGUA EXTRANJERA;1;18
2021;03018283;03;ALICANTE/ALACANT;03063;DÉNIA;B2;NIVEL INTERMEDIO;1;FRANCÉS;1;6
2021;03018283;03;ALICANTE/ALACANT;03063;DÉNIA;B2;NIVEL INTERMEDIO;1;INGLÉS;4;78
2021;03018283;03;ALICANTE/ALACANT;03063;DÉNIA;B2;NIVEL INTERMEDIO;2;ALEMÁN;2;9
2021;03018283;03;ALICANTE/ALACANT;03063;DÉNIA;B2;NIVEL INTERMEDIO;2;FRANCÉS;1;8
2021;03018283;03;ALICANTE/ALACANT;03063;DÉNIA;B2;NIVEL INTERMEDIO;2;INGLÉS;4;69
2021;03018283;03;ALICANTE/ALACANT;03063;DÉNIA;C1;NIVEL AVANZADO;1;ESPAÑOL COMO LENGUA EXTRANJERA;1;11
2021;03018283;03;ALICANTE/ALACANT;03063;DÉNIA;C1;NIVEL AVANZADO;1;INGLÉS;3;63
2021;03018283;03;ALICANTE/ALACANT;03063;DÉNIA;C1;NIVEL AVANZADO;1;VALENCIANO;1;28
2021;03018283;03;ALICANTE/ALACANT;03063;DÉNIA;C1;NIVEL AVANZADO;2;INGLÉS;2;29
2021;03018283;03;ALICANTE/ALACANT;03063;DÉNIA;C2;NIVEL AVANZADO;1;VALENCIANO;1;20
2021;03018283;03;ALICANTE/ALACANT;03063;DÉNIA;C2;NIVEL AVANZADO;2;VALENCIANO;1;6
2021;03018283;03;ALICANTE/ALACANT;03063;DÉNIA;COMPLEMENTARIO TIPO A;SIN DEFINIR;A;ESPAÑOL COMO LENGUA EXTRANJERA;1;13
2021;03018283;03;ALICANTE/ALACANT;03063;DÉNIA;COMPLEMENTARIO TIPO A;SIN DEFINIR;A;INGLÉS;3;22
2021;03018283;03;ALICANTE/ALACANT;03063;DÉNIA;COMPLEMENTARIO TIPO B;SIN DEFINIR;B;INGLÉS;1;13
2021;03018295;03;ALICANTE/ALACANT;03066;ELDA;A2;NIVEL BÁSICO;1;ALEMÁN;3;41
2021;03018295;03;ALICANTE/ALACANT;03066;ELDA;A2;NIVEL BÁSICO;1;FRANCÉS;4;62
2021;03018295;03;ALICANTE/ALACANT;03066;ELDA;A2;NIVEL BÁSICO;1;INGLÉS;7;158
2021;03018295;03;ALICANTE/ALACANT;03066;ELDA;A2;NIVEL BÁSICO;1;ITALIANO;2;45
2021;03018295;03;ALICANTE/ALACANT;03066;ELDA;A2;NIVEL BÁSICO;1;VALENCIANO;1;30
2021;03018295;03;ALICANTE/ALACANT;03066;ELDA;A2;NIVEL BÁSICO;2;ALEMÁN;2;18
2021;03018295;03;ALICANTE/ALACANT;03066;ELDA;A2;NIVEL BÁSICO;2;FRANCÉS;3;23
2021;03018295;03;ALICANTE/ALACANT;03066;ELDA;A2;NIVEL BÁSICO;2;INGLÉS;6;105
2021;03018295;03;ALICANTE/ALACANT;03066;ELDA;A2;NIVEL BÁSICO;2;ITALIANO;1;9
2021;03018295;03;ALICANTE/ALACANT;03066;ELDA;B1;NIVEL INTERMEDIO;1;ALEMÁN;1;4
2021;03018295;03;ALICANTE/ALACANT;03066;ELDA;B1;NIVEL INTERMEDIO;1;FRANCÉS;1;23
2021;03018295;03;ALICANTE/ALACANT;03066;ELDA;B1;NIVEL INTERMEDIO;1;INGLÉS;10;252
2021;03018295;03;ALICANTE/ALACANT;03066;ELDA;B1;NIVEL INTERMEDIO;1;ITALIANO;1;11
2021;03018295;03;ALICANTE/ALACANT;03066;ELDA;B1;NIVEL INTERMEDIO;1;VALENCIANO;1;23
2021;03018295;03;ALICANTE/ALACANT;03066;ELDA;B1;NIVEL INTERMEDIO;2;ALEMÁN;1;3
2021;03018295;03;ALICANTE/ALACANT;03066;ELDA;B1;NIVEL INTERMEDIO;2;FRANCÉS;1;13
2021;03018295;03;ALICANTE/ALACANT;03066;ELDA;B1;NIVEL INTERMEDIO;2;INGLÉS;9;154
2021;03018295;03;ALICANTE/ALACANT;03066;ELDA;B2;NIVEL INTERMEDIO;1;ALEMÁN;1;8
2021;03018295;03;ALICANTE/ALACANT;03066;ELDA;B2;NIVEL INTERMEDIO;1;FRANCÉS;1;18
2021;03018295;03;ALICANTE/ALACANT;03066;ELDA;B2;NIVEL INTERMEDIO;1;INGLÉS;9;181
2021;03018295;03;ALICANTE/ALACANT;03066;ELDA;B2;NIVEL INTERMEDIO;1;ITALIANO;1;6
2021;03018295;03;ALICANTE/ALACANT;03066;ELDA;B2;NIVEL INTERMEDIO;1;VALENCIANO;4;96
2021;03018295;03;ALICANTE/ALACANT;03066;ELDA;B2;NIVEL INTERMEDIO;2;ALEMÁN;1;5
2021;03018295;03;ALICANTE/ALACANT;03066;ELDA;B2;NIVEL INTERMEDIO;2;FRANCÉS;1;10
2021;03018295;03;ALICANTE/ALACANT;03066;ELDA;B2;NIVEL INTERMEDIO;2;INGLÉS;8;166
2021;03018295;03;ALICANTE/ALACANT;03066;ELDA;B2;NIVEL INTERMEDIO;2;ITALIANO;1;13
2021;03018295;03;ALICANTE/ALACANT;03066;ELDA;C1;NIVEL AVANZADO;1;INGLÉS;7;118
2021;03018295;03;ALICANTE/ALACANT;03066;ELDA;C1;NIVEL AVANZADO;1;ITALIANO;1;4
2021;03018295;03;ALICANTE/ALACANT;03066;ELDA;C1;NIVEL AVANZADO;1;VALENCIANO;4;93
2021;03018295;03;ALICANTE/ALACANT;03066;ELDA;C1;NIVEL AVANZADO;2;INGLÉS;7;99
2021;03018295;03;ALICANTE/ALACANT;03066;ELDA;C2;NIVEL AVANZADO;1;INGLÉS;2;26
2021;03018295;03;ALICANTE/ALACANT;03066;ELDA;C2;NIVEL AVANZADO;1;ITALIANO;1;3
2021;03018295;03;ALICANTE/ALACANT;03066;ELDA;C2;NIVEL AVANZADO;1;VALENCIANO;1;27
2021;03018295;03;ALICANTE/ALACANT;03066;ELDA;C2;NIVEL AVANZADO;2;INGLÉS;1;19
2021;03018295;03;ALICANTE/ALACANT;03066;ELDA;C2;NIVEL AVANZADO;2;ITALIANO;1;6
2021;03018295;03;ALICANTE/ALACANT;03066;ELDA;C2;NIVEL AVANZADO;2;VALENCIANO;1;8
2021;03018295;03;ALICANTE/ALACANT;03066;ELDA;COMPLEMENTARIO TIPO A;SIN DEFINIR;A;ALEMÁN;1;5
2021;03018295;03;ALICANTE/ALACANT;03066;ELDA;COMPLEMENTARIO TIPO A;SIN DEFINIR;A;INGLÉS;3;31
2021;03018295;03;ALICANTE/ALACANT;03066;ELDA;COMPLEMENTARIO TIPO A;SIN DEFINIR;A;ITALIANO;1;4
2021;03018295;03;ALICANTE/ALACANT;03066;ELDA;COMPLEMENTARIO TIPO A;SIN DEFINIR;A;VALENCIANO;1;1
2021;03018295;03;ALICANTE/ALACANT;03066;ELDA;COMPLEMENTARIO TIPO B;SIN DEFINIR;B;ALEMÁN;1;2
2021;03018295;03;ALICANTE/ALACANT;03066;ELDA;COMPLEMENTARIO TIPO B;SIN DEFINIR;B;INGLÉS;3;48
2021;03018301;03;ALICANTE/ALACANT;03099;ORIHUELA;A2;NIVEL BÁSICO;1;ALEMÁN;2;47
2021;03018301;03;ALICANTE/ALACANT;03099;ORIHUELA;A2;NIVEL BÁSICO;1;FRANCÉS;3;43
2021;03018301;03;ALICANTE/ALACANT;03099;ORIHUELA;A2;NIVEL BÁSICO;1;INGLÉS;5;72
2021;03018301;03;ALICANTE/ALACANT;03099;ORIHUELA;A2;NIVEL BÁSICO;1;VALENCIANO;1;36
2021;03018301;03;ALICANTE/ALACANT;03099;ORIHUELA;A2;NIVEL BÁSICO;2;ALEMÁN;1;7
2021;03018301;03;ALICANTE/ALACANT;03099;ORIHUELA;A2;NIVEL BÁSICO;2;FRANCÉS;1;12
2021;03018301;03;ALICANTE/ALACANT;03099;ORIHUELA;A2;NIVEL BÁSICO;2;INGLÉS;5;89
2021;03018301;03;ALICANTE/ALACANT;03099;ORIHUELA;B1;NIVEL INTERMEDIO;1;ALEMÁN;2;16
2021;03018301;03;ALICANTE/ALACANT;03099;ORIHUELA;B1;NIVEL INTERMEDIO;1;FRANCÉS;1;17
2021;03018301;03;ALICANTE/ALACANT;03099;ORIHUELA;B1;NIVEL INTERMEDIO;1;INGLÉS;7;129
2021;03018301;03;ALICANTE/ALACANT;03099;ORIHUELA;B1;NIVEL INTERMEDIO;1;VALENCIANO;1;26
2021;03018301;03;ALICANTE/ALACANT;03099;ORIHUELA;B1;NIVEL INTERMEDIO;2;ALEMÁN;1;7
2021;03018301;03;ALICANTE/ALACANT;03099;ORIHUELA;B1;NIVEL INTERMEDIO;2;FRANCÉS;1;14
2021;03018301;03;ALICANTE/ALACANT;03099;ORIHUELA;B1;NIVEL INTERMEDIO;2;INGLÉS;5;91
2021;03018301;03;ALICANTE/ALACANT;03099;ORIHUELA;B2;NIVEL INTERMEDIO;1;ALEMÁN;1;7
2021;03018301;03;ALICANTE/ALACANT;03099;ORIHUELA;B2;NIVEL INTERMEDIO;1;FRANCÉS;1;11
2021;03018301;03;ALICANTE/ALACANT;03099;ORIHUELA;B2;NIVEL INTERMEDIO;1;INGLÉS;6;111
2021;03018301;03;ALICANTE/ALACANT;03099;ORIHUELA;B2;NIVEL INTERMEDIO;1;VALENCIANO;2;52
2021;03018301;03;ALICANTE/ALACANT;03099;ORIHUELA;B2;NIVEL INTERMEDIO;2;ALEMÁN;1;3
2021;03018301;03;ALICANTE/ALACANT;03099;ORIHUELA;B2;NIVEL INTERMEDIO;2;FRANCÉS;1;5
2021;03018301;03;ALICANTE/ALACANT;03099;ORIHUELA;B2;NIVEL INTERMEDIO;2;INGLÉS;4;98
2021;03018301;03;ALICANTE/ALACANT;03099;ORIHUELA;C1;NIVEL AVANZADO;1;FRANCÉS;1;10
2021;03018301;03;ALICANTE/ALACANT;03099;ORIHUELA;C1;NIVEL AVANZADO;1;INGLÉS;2;38
2021;03018301;03;ALICANTE/ALACANT;03099;ORIHUELA;C1;NIVEL AVANZADO;1;VALENCIANO;2;35
2021;03018301;03;ALICANTE/ALACANT;03099;ORIHUELA;C1;NIVEL AVANZADO;2;FRANCÉS;1;7
2021;03018301;03;ALICANTE/ALACANT;03099;ORIHUELA;C1;NIVEL AVANZADO;2;INGLÉS;2;28
2021;03018301;03;ALICANTE/ALACANT;03099;ORIHUELA;C2;NIVEL AVANZADO;1;INGLÉS;1;15
2021;03018301;03;ALICANTE/ALACANT;03099;ORIHUELA;C2;NIVEL AVANZADO;1;VALENCIANO;1;21
2021;03018301;03;ALICANTE/ALACANT;03099;ORIHUELA;COMPLEMENTARIO TIPO A;SIN DEFINIR;A;INGLÉS;2;11
2021;03018301;03;ALICANTE/ALACANT;03099;ORIHUELA;COMPLEMENTARIO TIPO B;SIN DEFINIR;B;FRANCÉS;1;3
2021;03018301;03;ALICANTE/ALACANT;03099;ORIHUELA;COMPLEMENTARIO TIPO B;SIN DEFINIR;B;INGLÉS;2;28
2021;03018313;03;ALICANTE/ALACANT;03122;SANT VICENT DEL RASPEIG/SAN VICENTE DEL RASPEIG;A2;NIVEL BÁSICO;1;ALEMÁN;2;44
2021;03018313;03;ALICANTE/ALACANT;03122;SANT VICENT DEL RASPEIG/SAN VICENTE DEL RASPEIG;A2;NIVEL BÁSICO;1;FRANCÉS;2;42
2021;03018313;03;ALICANTE/ALACANT;03122;SANT VICENT DEL RASPEIG/SAN VICENTE DEL RASPEIG;A2;NIVEL BÁSICO;1;INGLÉS;6;82
2021;03018313;03;ALICANTE/ALACANT;03122;SANT VICENT DEL RASPEIG/SAN VICENTE DEL RASPEIG;A2;NIVEL BÁSICO;1;VALENCIANO;1;18
2021;03018313;03;ALICANTE/ALACANT;03122;SANT VICENT DEL RASPEIG/SAN VICENTE DEL RASPEIG;A2;NIVEL BÁSICO;2;ALEMÁN;1;23
2021;03018313;03;ALICANTE/ALACANT;03122;SANT VICENT DEL RASPEIG/SAN VICENTE DEL RASPEIG;A2;NIVEL BÁSICO;2;FRANCÉS;1;20
2021;03018313;03;ALICANTE/ALACANT;03122;SANT VICENT DEL RASPEIG/SAN VICENTE DEL RASPEIG;A2;NIVEL BÁSICO;2;INGLÉS;5;107
2021;03018313;03;ALICANTE/ALACANT;03122;SANT VICENT DEL RASPEIG/SAN VICENTE DEL RASPEIG;B1;NIVEL INTERMEDIO;1;ALEMÁN;1;13
2021;03018313;03;ALICANTE/ALACANT;03122;SANT VICENT DEL RASPEIG/SAN VICENTE DEL RASPEIG;B1;NIVEL INTERMEDIO;1;FRANCÉS;1;22
2021;03018313;03;ALICANTE/ALACANT;03122;SANT VICENT DEL RASPEIG/SAN VICENTE DEL RASPEIG;B1;NIVEL INTERMEDIO;1;INGLÉS;8;174
2021;03018313;03;ALICANTE/ALACANT;03122;SANT VICENT DEL RASPEIG/SAN VICENTE DEL RASPEIG;B1;NIVEL INTERMEDIO;1;VALENCIANO;1;8
2021;03018313;03;ALICANTE/ALACANT;03122;SANT VICENT DEL RASPEIG/SAN VICENTE DEL RASPEIG;B1;NIVEL INTERMEDIO;2;ALEMÁN;1;10
2021;03018313;03;ALICANTE/ALACANT;03122;SANT VICENT DEL RASPEIG/SAN VICENTE DEL RASPEIG;B1;NIVEL INTERMEDIO;2;FRANCÉS;1;13
2021;03018313;03;ALICANTE/ALACANT;03122;SANT VICENT DEL RASPEIG/SAN VICENTE DEL RASPEIG;B1;NIVEL INTERMEDIO;2;INGLÉS;6;132
2021;03018313;03;ALICANTE/ALACANT;03122;SANT VICENT DEL RASPEIG/SAN VICENTE DEL RASPEIG;B2;NIVEL INTERMEDIO;1;FRANCÉS;1;15
2021;03018313;03;ALICANTE/ALACANT;03122;SANT VICENT DEL RASPEIG/SAN VICENTE DEL RASPEIG;B2;NIVEL INTERMEDIO;1;INGLÉS;5;142
2021;03018313;03;ALICANTE/ALACANT;03122;SANT VICENT DEL RASPEIG/SAN VICENTE DEL RASPEIG;B2;NIVEL INTERMEDIO;1;VALENCIANO;1;30
2021;03018313;03;ALICANTE/ALACANT;03122;SANT VICENT DEL RASPEIG/SAN VICENTE DEL RASPEIG;B2;NIVEL INTERMEDIO;2;FRANCÉS;1;10
2021;03018313;03;ALICANTE/ALACANT;03122;SANT VICENT DEL RASPEIG/SAN VICENTE DEL RASPEIG;B2;NIVEL INTERMEDIO;2;INGLÉS;6;117
2021;03018313;03;ALICANTE/ALACANT;03122;SANT VICENT DEL RASPEIG/SAN VICENTE DEL RASPEIG;C1;NIVEL AVANZADO;1;INGLÉS;5;106
2021;03018313;03;ALICANTE/ALACANT;03122;SANT VICENT DEL RASPEIG/SAN VICENTE DEL RASPEIG;C1;NIVEL AVANZADO;1;VALENCIANO;1;27
2021;03018313;03;ALICANTE/ALACANT;03122;SANT VICENT DEL RASPEIG/SAN VICENTE DEL RASPEIG;C1;NIVEL AVANZADO;2;INGLÉS;4;80
2021;03018313;03;ALICANTE/ALACANT;03122;SANT VICENT DEL RASPEIG/SAN VICENTE DEL RASPEIG;C2;NIVEL AVANZADO;1;INGLÉS;1;23
2021;03018313;03;ALICANTE/ALACANT;03122;SANT VICENT DEL RASPEIG/SAN VICENTE DEL RASPEIG;C2;NIVEL AVANZADO;1;VALENCIANO;1;22
2021;03018313;03;ALICANTE/ALACANT;03122;SANT VICENT DEL RASPEIG/SAN VICENTE DEL RASPEIG;C2;NIVEL AVANZADO;2;VALENCIANO;1;20
2021;03018313;03;ALICANTE/ALACANT;03122;SANT VICENT DEL RASPEIG/SAN VICENTE DEL RASPEIG;COMPLEMENTARIO TIPO A;SIN DEFINIR;A;INGLÉS;1;9
2021;03018313;03;ALICANTE/ALACANT;03122;SANT VICENT DEL RASPEIG/SAN VICENTE DEL RASPEIG;COMPLEMENTARIO TIPO B;SIN DEFINIR;B;INGLÉS;1;3
2021;12004311;12;CASTELLÓN/CASTELLÓ;12040;CASTELLÓ DE LA PLANA;A2;NIVEL BÁSICO;1;ALEMÁN;6;92
2021;12004311;12;CASTELLÓN/CASTELLÓ;12040;CASTELLÓ DE LA PLANA;A2;NIVEL BÁSICO;1;CHINO;3;25
2021;12004311;12;CASTELLÓN/CASTELLÓ;12040;CASTELLÓ DE LA PLANA;A2;NIVEL BÁSICO;1;ESPAÑOL COMO LENGUA EXTRANJERA;3;106
2021;12004311;12;CASTELLÓN/CASTELLÓ;12040;CASTELLÓ DE LA PLANA;A2;NIVEL BÁSICO;1;EUSKERA;1;8
2021;12004311;12;CASTELLÓN/CASTELLÓ;12040;CASTELLÓ DE LA PLANA;A2;NIVEL BÁSICO;1;FRANCÉS;8;116
2021;12004311;12;CASTELLÓN/CASTELLÓ;12040;CASTELLÓ DE LA PLANA;A2;NIVEL BÁSICO;1;INGLÉS;13;194
2021;12004311;12;CASTELLÓN/CASTELLÓ;12040;CASTELLÓ DE LA PLANA;A2;NIVEL BÁSICO;1;ITALIANO;3;98
2021;12004311;12;CASTELLÓN/CASTELLÓ;12040;CASTELLÓ DE LA PLANA;A2;NIVEL BÁSICO;1;PORTUGUÉS;2;10
2021;12004311;12;CASTELLÓN/CASTELLÓ;12040;CASTELLÓ DE LA PLANA;A2;NIVEL BÁSICO;1;RUMANO;1;2
2021;12004311;12;CASTELLÓN/CASTELLÓ;12040;CASTELLÓ DE LA PLANA;A2;NIVEL BÁSICO;1;RUSO;3;21
2021;12004311;12;CASTELLÓN/CASTELLÓ;12040;CASTELLÓ DE LA PLANA;A2;NIVEL BÁSICO;1;THAT'S ENGLISH;1;36
2021;12004311;12;CASTELLÓN/CASTELLÓ;12040;CASTELLÓ DE LA PLANA;A2;NIVEL BÁSICO;1;VALENCIANO;2;57
2021;12004311;12;CASTELLÓN/CASTELLÓ;12040;CASTELLÓ DE LA PLANA;A2;NIVEL BÁSICO;1;ÁRABE;2;26
2021;12004311;12;CASTELLÓN/CASTELLÓ;12040;CASTELLÓ DE LA PLANA;A2;NIVEL BÁSICO;2;ALEMÁN;4;34
2021;12004311;12;CASTELLÓN/CASTELLÓ;12040;CASTELLÓ DE LA PLANA;A2;NIVEL BÁSICO;2;CHINO;2;18
2021;12004311;12;CASTELLÓN/CASTELLÓ;12040;CASTELLÓ DE LA PLANA;A2;NIVEL BÁSICO;2;ESPAÑOL COMO LENGUA EXTRANJERA;2;51
2021;12004311;12;CASTELLÓN/CASTELLÓ;12040;CASTELLÓ DE LA PLANA;A2;NIVEL BÁSICO;2;EUSKERA;1;3
2021;12004311;12;CASTELLÓN/CASTELLÓ;12040;CASTELLÓ DE LA PLANA;A2;NIVEL BÁSICO;2;FRANCÉS;6;54
2021;12004311;12;CASTELLÓN/CASTELLÓ;12040;CASTELLÓ DE LA PLANA;A2;NIVEL BÁSICO;2;INGLÉS;9;144
2021;12004311;12;CASTELLÓN/CASTELLÓ;12040;CASTELLÓ DE LA PLANA;A2;NIVEL BÁSICO;2;ITALIANO;3;41
2021;12004311;12;CASTELLÓN/CASTELLÓ;12040;CASTELLÓ DE LA PLANA;A2;NIVEL BÁSICO;2;PORTUGUÉS;1;7
2021;12004311;12;CASTELLÓN/CASTELLÓ;12040;CASTELLÓ DE LA PLANA;A2;NIVEL BÁSICO;2;RUMANO;1;1
2021;12004311;12;CASTELLÓN/CASTELLÓ;12040;CASTELLÓ DE LA PLANA;A2;NIVEL BÁSICO;2;RUSO;1;5
2021;12004311;12;CASTELLÓN/CASTELLÓ;12040;CASTELLÓ DE LA PLANA;A2;NIVEL BÁSICO;2;THAT'S ENGLISH;1;19
2021;12004311;12;CASTELLÓN/CASTELLÓ;12040;CASTELLÓ DE LA PLANA;A2;NIVEL BÁSICO;2;ÁRABE;1;11
2021;12004311;12;CASTELLÓN/CASTELLÓ;12040;CASTELLÓ DE LA PLANA;A2;NIVEL BÁSICO;3;CHINO;1;9
2021;12004311;12;CASTELLÓN/CASTELLÓ;12040;CASTELLÓ DE LA PLANA;A2;NIVEL BÁSICO;3;ÁRABE;1;5
2021;12004311;12;CASTELLÓN/CASTELLÓ;12040;CASTELLÓ DE LA PLANA;B1;NIVEL INTERMEDIO;1;ALEMÁN;3;22
2021;12004311;12;CASTELLÓN/CASTELLÓ;12040;CASTELLÓ DE LA PLANA;B1;NIVEL INTERMEDIO;1;CHINO;1;4
2021;12004311;12;CASTELLÓN/CASTELLÓ;12040;CASTELLÓ DE LA PLANA;B1;NIVEL INTERMEDIO;1;ESPAÑOL COMO LENGUA EXTRANJERA;2;36
2021;12004311;12;CASTELLÓN/CASTELLÓ;12040;CASTELLÓ DE LA PLANA;B1;NIVEL INTERMEDIO;1;EUSKERA;1;4
2021;12004311;12;CASTELLÓN/CASTELLÓ;12040;CASTELLÓ DE LA PLANA;B1;NIVEL INTERMEDIO;1;FRANCÉS;3;77
2021;12004311;12;CASTELLÓN/CASTELLÓ;12040;CASTELLÓ DE LA PLANA;B1;NIVEL INTERMEDIO;1;INGLÉS;19;357
2021;12004311;12;CASTELLÓN/CASTELLÓ;12040;CASTELLÓ DE LA PLANA;B1;NIVEL INTERMEDIO;1;ITALIANO;2;31
2021;12004311;12;CASTELLÓN/CASTELLÓ;12040;CASTELLÓ DE LA PLANA;B1;NIVEL INTERMEDIO;1;PORTUGUÉS;1;9
2021;12004311;12;CASTELLÓN/CASTELLÓ;12040;CASTELLÓ DE LA PLANA;B1;NIVEL INTERMEDIO;1;RUMANO;1;6
2021;12004311;12;CASTELLÓN/CASTELLÓ;12040;CASTELLÓ DE LA PLANA;B1;NIVEL INTERMEDIO;1;RUSO;1;4
2021;12004311;12;CASTELLÓN/CASTELLÓ;12040;CASTELLÓ DE LA PLANA;B1;NIVEL INTERMEDIO;1;VALENCIANO;2;49
2021;12004311;12;CASTELLÓN/CASTELLÓ;12040;CASTELLÓ DE LA PLANA;B1;NIVEL INTERMEDIO;1;ÁRABE;1;6
2021;12004311;12;CASTELLÓN/CASTELLÓ;12040;CASTELLÓ DE LA PLANA;B1;NIVEL INTERMEDIO;2;ALEMÁN;3;22
2021;12004311;12;CASTELLÓN/CASTELLÓ;12040;CASTELLÓ DE LA PLANA;B1;NIVEL INTERMEDIO;2;EUSKERA;1;3
2021;12004311;12;CASTELLÓN/CASTELLÓ;12040;CASTELLÓ DE LA PLANA;B1;NIVEL INTERMEDIO;2;FRANCÉS;3;32
2021;12004311;12;CASTELLÓN/CASTELLÓ;12040;CASTELLÓ DE LA PLANA;B1;NIVEL INTERMEDIO;2;INGLÉS;17;214
2021;12004311;12;CASTELLÓN/CASTELLÓ;12040;CASTELLÓ DE LA PLANA;B1;NIVEL INTERMEDIO;2;RUSO;1;2
2021;12004311;12;CASTELLÓN/CASTELLÓ;12040;CASTELLÓ DE LA PLANA;B1;NIVEL INTERMEDIO;2;ÁRABE;1;2
2021;12004311;12;CASTELLÓN/CASTELLÓ;12040;CASTELLÓ DE LA PLANA;B1;NIVEL INTERMEDIO;3;CHINO;1;8
2021;12004311;12;CASTELLÓN/CASTELLÓ;12040;CASTELLÓ DE LA PLANA;B2;NIVEL INTERMEDIO;1;ALEMÁN;2;23
2021;12004311;12;CASTELLÓN/CASTELLÓ;12040;CASTELLÓ DE LA PLANA;B2;NIVEL INTERMEDIO;1;ESPAÑOL COMO LENGUA EXTRANJERA;2;37
2021;12004311;12;CASTELLÓN/CASTELLÓ;12040;CASTELLÓ DE LA PLANA;B2;NIVEL INTERMEDIO;1;FRANCÉS;3;39
2021;12004311;12;CASTELLÓN/CASTELLÓ;12040;CASTELLÓ DE LA PLANA;B2;NIVEL INTERMEDIO;1;INGLÉS;17;359
2021;12004311;12;CASTELLÓN/CASTELLÓ;12040;CASTELLÓ DE LA PLANA;B2;NIVEL INTERMEDIO;1;ITALIANO;2;28
2021;12004311;12;CASTELLÓN/CASTELLÓ;12040;CASTELLÓ DE LA PLANA;B2;NIVEL INTERMEDIO;1;PORTUGUÉS;1;3
2021;12004311;12;CASTELLÓN/CASTELLÓ;12040;CASTELLÓ DE LA PLANA;B2;NIVEL INTERMEDIO;1;RUMANO;1;12
2021;12004311;12;CASTELLÓN/CASTELLÓ;12040;CASTELLÓ DE LA PLANA;B2;NIVEL INTERMEDIO;1;RUSO;1;3
2021;12004311;12;CASTELLÓN/CASTELLÓ;12040;CASTELLÓ DE LA PLANA;B2;NIVEL INTERMEDIO;1;VALENCIANO;3;92
2021;12004311;12;CASTELLÓN/CASTELLÓ;12040;CASTELLÓ DE LA PLANA;B2;NIVEL INTERMEDIO;1;ÁRABE;1;2
2021;12004311;12;CASTELLÓN/CASTELLÓ;12040;CASTELLÓ DE LA PLANA;B2;NIVEL INTERMEDIO;2;ALEMÁN;2;12
2021;12004311;12;CASTELLÓN/CASTELLÓ;12040;CASTELLÓ DE LA PLANA;B2;NIVEL INTERMEDIO;2;FRANCÉS;2;18
2021;12004311;12;CASTELLÓN/CASTELLÓ;12040;CASTELLÓ DE LA PLANA;B2;NIVEL INTERMEDIO;2;INGLÉS;17;278
2021;12004311;12;CASTELLÓN/CASTELLÓ;12040;CASTELLÓ DE LA PLANA;B2;NIVEL INTERMEDIO;2;ITALIANO;2;17
2021;12004311;12;CASTELLÓN/CASTELLÓ;12040;CASTELLÓ DE LA PLANA;B2;NIVEL INTERMEDIO;2;PORTUGUÉS;1;11
2021;12004311;12;CASTELLÓN/CASTELLÓ;12040;CASTELLÓ DE LA PLANA;B2;NIVEL INTERMEDIO;2;RUSO;1;4
2021;12004311;12;CASTELLÓN/CASTELLÓ;12040;CASTELLÓ DE LA PLANA;B2;NIVEL INTERMEDIO;2;ÁRABE;1;3
2021;12004311;12;CASTELLÓN/CASTELLÓ;12040;CASTELLÓ DE LA PLANA;C1;NIVEL AVANZADO;1;ALEMÁN;1;12
2021;12004311;12;CASTELLÓN/CASTELLÓ;12040;CASTELLÓ DE LA PLANA;C1;NIVEL AVANZADO;1;ESPAÑOL COMO LENGUA EXTRANJERA;1;16
2021;12004311;12;CASTELLÓN/CASTELLÓ;12040;CASTELLÓ DE LA PLANA;C1;NIVEL AVANZADO;1;FRANCÉS;1;24
2021;12004311;12;CASTELLÓN/CASTELLÓ;12040;CASTELLÓ DE LA PLANA;C1;NIVEL AVANZADO;1;INGLÉS;18;324
2021;12004311;12;CASTELLÓN/CASTELLÓ;12040;CASTELLÓ DE LA PLANA;C1;NIVEL AVANZADO;1;ITALIANO;2;31
2021;12004311;12;CASTELLÓN/CASTELLÓ;12040;CASTELLÓ DE LA PLANA;C1;NIVEL AVANZADO;1;VALENCIANO;7;153
2021;12004311;12;CASTELLÓN/CASTELLÓ;12040;CASTELLÓ DE LA PLANA;C1;NIVEL AVANZADO;2;ALEMÁN;1;5
2021;12004311;12;CASTELLÓN/CASTELLÓ;12040;CASTELLÓ DE LA PLANA;C1;NIVEL AVANZADO;2;FRANCÉS;1;17
2021;12004311;12;CASTELLÓN/CASTELLÓ;12040;CASTELLÓ DE LA PLANA;C1;NIVEL AVANZADO;2;INGLÉS;9;150
2021;12004311;12;CASTELLÓN/CASTELLÓ;12040;CASTELLÓ DE LA PLANA;C2;NIVEL AVANZADO;1;ALEMÁN;1;6
2021;12004311;12;CASTELLÓN/CASTELLÓ;12040;CASTELLÓ DE LA PLANA;C2;NIVEL AVANZADO;1;FRANCÉS;1;9
2021;12004311;12;CASTELLÓN/CASTELLÓ;12040;CASTELLÓ DE LA PLANA;C2;NIVEL AVANZADO;1;INGLÉS;5;63
2021;12004311;12;CASTELLÓN/CASTELLÓ;12040;CASTELLÓ DE LA PLANA;C2;NIVEL AVANZADO;1;ITALIANO;1;9
2021;12004311;12;CASTELLÓN/CASTELLÓ;12040;CASTELLÓ DE LA PLANA;C2;NIVEL AVANZADO;1;VALENCIANO;5;101
2021;12004311;12;CASTELLÓN/CASTELLÓ;12040;CASTELLÓ DE LA PLANA;C2;NIVEL AVANZADO;2;INGLÉS;3;24
2021;12004311;12;CASTELLÓN/CASTELLÓ;12040;CASTELLÓ DE LA PLANA;C2;NIVEL AVANZADO;2;ITALIANO;1;19
2021;12004311;12;CASTELLÓN/CASTELLÓ;12040;CASTELLÓ DE LA PLANA;C2;NIVEL AVANZADO;2;VALENCIANO;3;32
2021;12004311;12;CASTELLÓN/CASTELLÓ;12040;CASTELLÓ DE LA PLANA;COMPLEMENTARIO TIPO A;SIN DEFINIR;A;ALEMÁN;4;17
2021;12004311;12;CASTELLÓN/CASTELLÓ;12040;CASTELLÓ DE LA PLANA;COMPLEMENTARIO TIPO A;SIN DEFINIR;A;ESPAÑOL COMO LENGUA EXTRANJERA;1;7
2021;12004311;12;CASTELLÓN/CASTELLÓ;12040;CASTELLÓ DE LA PLANA;COMPLEMENTARIO TIPO A;SIN DEFINIR;A;FRANCÉS;4;10
2021;12004311;12;CASTELLÓN/CASTELLÓ;12040;CASTELLÓ DE LA PLANA;COMPLEMENTARIO TIPO A;SIN DEFINIR;A;INGLÉS;17;101
2021;12004311;12;CASTELLÓN/CASTELLÓ;12040;CASTELLÓ DE LA PLANA;COMPLEMENTARIO TIPO A;SIN DEFINIR;A;ITALIANO;1;11
2021;12004311;12;CASTELLÓN/CASTELLÓ;12040;CASTELLÓ DE LA PLANA;COMPLEMENTARIO TIPO A;SIN DEFINIR;A;RUSO;1;4
2021;12004311;12;CASTELLÓN/CASTELLÓ;12040;CASTELLÓ DE LA PLANA;COMPLEMENTARIO TIPO A;SIN DEFINIR;A;VALENCIANO;3;18
2021;12004311;12;CASTELLÓN/CASTELLÓ;12040;CASTELLÓ DE LA PLANA;COMPLEMENTARIO TIPO B;SIN DEFINIR;B;INGLÉS;2;7
2021;12007188;12;CASTELLÓN/CASTELLÓ;12135;VILA-REAL;A2;NIVEL BÁSICO;1;ALEMÁN;2;23
2021;12007188;12;CASTELLÓN/CASTELLÓ;12135;VILA-REAL;A2;NIVEL BÁSICO;1;FRANCÉS;3;48
2021;12007188;12;CASTELLÓN/CASTELLÓ;12135;VILA-REAL;A2;NIVEL BÁSICO;1;INGLÉS;7;91
2021;12007188;12;CASTELLÓN/CASTELLÓ;12135;VILA-REAL;A2;NIVEL BÁSICO;1;ITALIANO;1;22
2021;12007188;12;CASTELLÓN/CASTELLÓ;12135;VILA-REAL;A2;NIVEL BÁSICO;1;VALENCIANO;1;8
2021;12007188;12;CASTELLÓN/CASTELLÓ;12135;VILA-REAL;A2;NIVEL BÁSICO;2;ALEMÁN;2;11
2021;12007188;12;CASTELLÓN/CASTELLÓ;12135;VILA-REAL;A2;NIVEL BÁSICO;2;FRANCÉS;3;22
2021;12007188;12;CASTELLÓN/CASTELLÓ;12135;VILA-REAL;A2;NIVEL BÁSICO;2;INGLÉS;7;67
2021;12007188;12;CASTELLÓN/CASTELLÓ;12135;VILA-REAL;A2;NIVEL BÁSICO;2;ITALIANO;1;15
2021;12007188;12;CASTELLÓN/CASTELLÓ;12135;VILA-REAL;B1;NIVEL INTERMEDIO;1;ALEMÁN;1;6
2021;12007188;12;CASTELLÓN/CASTELLÓ;12135;VILA-REAL;B1;NIVEL INTERMEDIO;1;FRANCÉS;1;28
2021;12007188;12;CASTELLÓN/CASTELLÓ;12135;VILA-REAL;B1;NIVEL INTERMEDIO;1;INGLÉS;11;203
2021;12007188;12;CASTELLÓN/CASTELLÓ;12135;VILA-REAL;B1;NIVEL INTERMEDIO;1;ITALIANO;1;3
2021;12007188;12;CASTELLÓN/CASTELLÓ;12135;VILA-REAL;B1;NIVEL INTERMEDIO;2;ALEMÁN;1;6
2021;12007188;12;CASTELLÓN/CASTELLÓ;12135;VILA-REAL;B1;NIVEL INTERMEDIO;2;FRANCÉS;1;12
2021;12007188;12;CASTELLÓN/CASTELLÓ;12135;VILA-REAL;B1;NIVEL INTERMEDIO;2;INGLÉS;10;133
2021;12007188;12;CASTELLÓN/CASTELLÓ;12135;VILA-REAL;B2;NIVEL INTERMEDIO;1;ALEMÁN;1;5
2021;12007188;12;CASTELLÓN/CASTELLÓ;12135;VILA-REAL;B2;NIVEL INTERMEDIO;1;FRANCÉS;1;8
2021;12007188;12;CASTELLÓN/CASTELLÓ;12135;VILA-REAL;B2;NIVEL INTERMEDIO;1;INGLÉS;9;156
2021;12007188;12;CASTELLÓN/CASTELLÓ;12135;VILA-REAL;B2;NIVEL INTERMEDIO;1;ITALIANO;1;6
2021;12007188;12;CASTELLÓN/CASTELLÓ;12135;VILA-REAL;B2;NIVEL INTERMEDIO;1;VALENCIANO;1;20
2021;12007188;12;CASTELLÓN/CASTELLÓ;12135;VILA-REAL;B2;NIVEL INTERMEDIO;2;ALEMÁN;1;5
2021;12007188;12;CASTELLÓN/CASTELLÓ;12135;VILA-REAL;B2;NIVEL INTERMEDIO;2;FRANCÉS;1;7
2021;12007188;12;CASTELLÓN/CASTELLÓ;12135;VILA-REAL;B2;NIVEL INTERMEDIO;2;INGLÉS;8;129
2021;12007188;12;CASTELLÓN/CASTELLÓ;12135;VILA-REAL;B2;NIVEL INTERMEDIO;2;ITALIANO;1;2
2021;12007188;12;CASTELLÓN/CASTELLÓ;12135;VILA-REAL;C1;NIVEL AVANZADO;1;INGLÉS;7;103
2021;12007188;12;CASTELLÓN/CASTELLÓ;12135;VILA-REAL;C1;NIVEL AVANZADO;1;VALENCIANO;1;24
2021;12007188;12;CASTELLÓN/CASTELLÓ;12135;VILA-REAL;C1;NIVEL AVANZADO;2;INGLÉS;6;78
2021;12007188;12;CASTELLÓN/CASTELLÓ;12135;VILA-REAL;C2;NIVEL AVANZADO;1;INGLÉS;1;11
2021;12007188;12;CASTELLÓN/CASTELLÓ;12135;VILA-REAL;C2;NIVEL AVANZADO;1;VALENCIANO;1;21
2021;12007188;12;CASTELLÓN/CASTELLÓ;12135;VILA-REAL;C2;NIVEL AVANZADO;2;INGLÉS;1;6
2021;12007188;12;CASTELLÓN/CASTELLÓ;12135;VILA-REAL;C2;NIVEL AVANZADO;2;VALENCIANO;1;10
2021;12007188;12;CASTELLÓN/CASTELLÓ;12135;VILA-REAL;COMPLEMENTARIO TIPO A;SIN DEFINIR;A;INGLÉS;8;33
2021;12007279;12;CASTELLÓN/CASTELLÓ;12138;VINARÒS;A2;NIVEL BÁSICO;1;ALEMÁN;1;11
2021;12007279;12;CASTELLÓN/CASTELLÓ;12138;VINARÒS;A2;NIVEL BÁSICO;1;FRANCÉS;2;30
2021;12007279;12;CASTELLÓN/CASTELLÓ;12138;VINARÒS;A2;NIVEL BÁSICO;1;INGLÉS;2;36
2021;12007279;12;CASTELLÓN/CASTELLÓ;12138;VINARÒS;A2;NIVEL BÁSICO;2;ALEMÁN;1;7
2021;12007279;12;CASTELLÓN/CASTELLÓ;12138;VINARÒS;A2;NIVEL BÁSICO;2;FRANCÉS;1;16
2021;12007279;12;CASTELLÓN/CASTELLÓ;12138;VINARÒS;A2;NIVEL BÁSICO;2;INGLÉS;2;23
2021;12007279;12;CASTELLÓN/CASTELLÓ;12138;VINARÒS;B1;NIVEL INTERMEDIO;1;ALEMÁN;1;7
2021;12007279;12;CASTELLÓN/CASTELLÓ;12138;VINARÒS;B1;NIVEL INTERMEDIO;1;FRANCÉS;1;11
2021;12007279;12;CASTELLÓN/CASTELLÓ;12138;VINARÒS;B1;NIVEL INTERMEDIO;1;INGLÉS;3;68
2021;12007279;12;CASTELLÓN/CASTELLÓ;12138;VINARÒS;B1;NIVEL INTERMEDIO;2;INGLÉS;4;52
2021;12007279;12;CASTELLÓN/CASTELLÓ;12138;VINARÒS;B2;NIVEL INTERMEDIO;1;ALEMÁN;1;13
2021;12007279;12;CASTELLÓN/CASTELLÓ;12138;VINARÒS;B2;NIVEL INTERMEDIO;1;FRANCÉS;1;9
2021;12007279;12;CASTELLÓN/CASTELLÓ;12138;VINARÒS;B2;NIVEL INTERMEDIO;1;INGLÉS;3;61
2021;12007279;12;CASTELLÓN/CASTELLÓ;12138;VINARÒS;B2;NIVEL INTERMEDIO;2;FRANCÉS;1;4
2021;12007279;12;CASTELLÓN/CASTELLÓ;12138;VINARÒS;B2;NIVEL INTERMEDIO;2;INGLÉS;2;33
2021;12007279;12;CASTELLÓN/CASTELLÓ;12138;VINARÒS;C1;NIVEL AVANZADO;1;INGLÉS;2;45
2021;12007279;12;CASTELLÓN/CASTELLÓ;12138;VINARÒS;C1;NIVEL AVANZADO;2;INGLÉS;1;17
2021;12007279;12;CASTELLÓN/CASTELLÓ;12138;VINARÒS;C2;NIVEL AVANZADO;1;INGLÉS;1;7
2021;12007279;12;CASTELLÓN/CASTELLÓ;12138;VINARÒS;C2;NIVEL AVANZADO;2;INGLÉS;1;9
2021;12007279;12;CASTELLÓN/CASTELLÓ;12138;VINARÒS;COMPLEMENTARIO TIPO A;SIN DEFINIR;A;INGLÉS;1;6
2021;46013220;46;VALENCIA/VALÈNCIA;46250;VALÈNCIA;A2;NIVEL BÁSICO;1;ALEMÁN;11;293
2021;46013220;46;VALENCIA/VALÈNCIA;46250;VALÈNCIA;A2;NIVEL BÁSICO;1;CHINO;4;96
2021;46013220;46;VALENCIA/VALÈNCIA;46250;VALÈNCIA;A2;NIVEL BÁSICO;1;ESPAÑOL COMO LENGUA EXTRANJERA;4;131
2021;46013220;46;VALENCIA/VALÈNCIA;46250;VALÈNCIA;A2;NIVEL BÁSICO;1;EUSKERA;1;23
2021;46013220;46;VALENCIA/VALÈNCIA;46250;VALÈNCIA;A2;NIVEL BÁSICO;1;FINÉS;1;15
2021;46013220;46;VALENCIA/VALÈNCIA;46250;VALÈNCIA;A2;NIVEL BÁSICO;1;FRANCÉS;9;265
2021;46013220;46;VALENCIA/VALÈNCIA;46250;VALÈNCIA;A2;NIVEL BÁSICO;1;GRIEGO;1;23
2021;46013220;46;VALENCIA/VALÈNCIA;46250;VALÈNCIA;A2;NIVEL BÁSICO;1;INGLÉS;9;233
2021;46013220;46;VALENCIA/VALÈNCIA;46250;VALÈNCIA;A2;NIVEL BÁSICO;1;ITALIANO;9;271
2021;46013220;46;VALENCIA/VALÈNCIA;46250;VALÈNCIA;A2;NIVEL BÁSICO;1;JAPONÉS;3;95
2021;46013220;46;VALENCIA/VALÈNCIA;46250;VALÈNCIA;A2;NIVEL BÁSICO;1;NEERLANDÉS;1;22
2021;46013220;46;VALENCIA/VALÈNCIA;46250;VALÈNCIA;A2;NIVEL BÁSICO;1;POLACO;1;19
2021;46013220;46;VALENCIA/VALÈNCIA;46250;VALÈNCIA;A2;NIVEL BÁSICO;1;PORTUGUÉS;6;92
2021;46013220;46;VALENCIA/VALÈNCIA;46250;VALÈNCIA;A2;NIVEL BÁSICO;1;RUSO;5;114
2021;46013220;46;VALENCIA/VALÈNCIA;46250;VALÈNCIA;A2;NIVEL BÁSICO;1;THAT'S ENGLISH;5;121
2021;46013220;46;VALENCIA/VALÈNCIA;46250;VALÈNCIA;A2;NIVEL BÁSICO;1;VALENCIANO;4;123
2021;46013220;46;VALENCIA/VALÈNCIA;46250;VALÈNCIA;A2;NIVEL BÁSICO;1;ÁRABE;6;76
2021;46013220;46;VALENCIA/VALÈNCIA;46250;VALÈNCIA;A2;NIVEL BÁSICO;2;ALEMÁN;7;109
2021;46013220;46;VALENCIA/VALÈNCIA;46250;VALÈNCIA;A2;NIVEL BÁSICO;2;CHINO;2;42
2021;46013220;46;VALENCIA/VALÈNCIA;46250;VALÈNCIA;A2;NIVEL BÁSICO;2;ESPAÑOL COMO LENGUA EXTRANJERA;2;31
2021;46013220;46;VALENCIA/VALÈNCIA;46250;VALÈNCIA;A2;NIVEL BÁSICO;2;EUSKERA;1;8
2021;46013220;46;VALENCIA/VALÈNCIA;46250;VALÈNCIA;A2;NIVEL BÁSICO;2;FINÉS;1;5
2021;46013220;46;VALENCIA/VALÈNCIA;46250;VALÈNCIA;A2;NIVEL BÁSICO;2;FRANCÉS;7;122
2021;46013220;46;VALENCIA/VALÈNCIA;46250;VALÈNCIA;A2;NIVEL BÁSICO;2;GRIEGO;1;16
2021;46013220;46;VALENCIA/VALÈNCIA;46250;VALÈNCIA;A2;NIVEL BÁSICO;2;INGLÉS;8;200
2021;46013220;46;VALENCIA/VALÈNCIA;46250;VALÈNCIA;A2;NIVEL BÁSICO;2;ITALIANO;6;97
2021;46013220;46;VALENCIA/VALÈNCIA;46250;VALÈNCIA;A2;NIVEL BÁSICO;2;JAPONÉS;2;42
2021;46013220;46;VALENCIA/VALÈNCIA;46250;VALÈNCIA;A2;NIVEL BÁSICO;2;NEERLANDÉS;1;11
2021;46013220;46;VALENCIA/VALÈNCIA;46250;VALÈNCIA;A2;NIVEL BÁSICO;2;POLACO;1;7
2021;46013220;46;VALENCIA/VALÈNCIA;46250;VALÈNCIA;A2;NIVEL BÁSICO;2;PORTUGUÉS;3;49
2021;46013220;46;VALENCIA/VALÈNCIA;46250;VALÈNCIA;A2;NIVEL BÁSICO;2;RUSO;2;28
2021;46013220;46;VALENCIA/VALÈNCIA;46250;VALÈNCIA;A2;NIVEL BÁSICO;2;THAT'S ENGLISH;5;99
2021;46013220;46;VALENCIA/VALÈNCIA;46250;VALÈNCIA;A2;NIVEL BÁSICO;2;ÁRABE;3;52
2021;46013220;46;VALENCIA/VALÈNCIA;46250;VALÈNCIA;A2;NIVEL BÁSICO;3;CHINO;1;17
2021;46013220;46;VALENCIA/VALÈNCIA;46250;VALÈNCIA;A2;NIVEL BÁSICO;3;JAPONÉS;2;27
2021;46013220;46;VALENCIA/VALÈNCIA;46250;VALÈNCIA;A2;NIVEL BÁSICO;3;ÁRABE;2;21
2021;46013220;46;VALENCIA/VALÈNCIA;46250;VALÈNCIA;B1;NIVEL INTERMEDIO;1;ALEMÁN;4;65
2021;46013220;46;VALENCIA/VALÈNCIA;46250;VALÈNCIA;B1;NIVEL INTERMEDIO;1;CHINO;1;21
2021;46013220;46;VALENCIA/VALÈNCIA;46250;VALÈNCIA;B1;NIVEL INTERMEDIO;1;ESPAÑOL COMO LENGUA EXTRANJERA;4;113
2021;46013220;46;VALENCIA/VALÈNCIA;46250;VALÈNCIA;B1;NIVEL INTERMEDIO;1;EUSKERA;1;8
2021;46013220;46;VALENCIA/VALÈNCIA;46250;VALÈNCIA;B1;NIVEL INTERMEDIO;1;FINÉS;1;2
2021;46013220;46;VALENCIA/VALÈNCIA;46250;VALÈNCIA;B1;NIVEL INTERMEDIO;1;FRANCÉS;6;142
2021;46013220;46;VALENCIA/VALÈNCIA;46250;VALÈNCIA;B1;NIVEL INTERMEDIO;1;GRIEGO;1;7
2021;46013220;46;VALENCIA/VALÈNCIA;46250;VALÈNCIA;B1;NIVEL INTERMEDIO;1;INGLÉS;21;504
2021;46013220;46;VALENCIA/VALÈNCIA;46250;VALÈNCIA;B1;NIVEL INTERMEDIO;1;ITALIANO;4;65
2021;46013220;46;VALENCIA/VALÈNCIA;46250;VALÈNCIA;B1;NIVEL INTERMEDIO;1;JAPONÉS;1;17
2021;46013220;46;VALENCIA/VALÈNCIA;46250;VALÈNCIA;B1;NIVEL INTERMEDIO;1;NEERLANDÉS;1;6
2021;46013220;46;VALENCIA/VALÈNCIA;46250;VALÈNCIA;B1;NIVEL INTERMEDIO;1;POLACO;1;10
2021;46013220;46;VALENCIA/VALÈNCIA;46250;VALÈNCIA;B1;NIVEL INTERMEDIO;1;PORTUGUÉS;2;26
2021;46013220;46;VALENCIA/VALÈNCIA;46250;VALÈNCIA;B1;NIVEL INTERMEDIO;1;RUSO;2;21
2021;46013220;46;VALENCIA/VALÈNCIA;46250;VALÈNCIA;B1;NIVEL INTERMEDIO;1;VALENCIANO;4;87
2021;46013220;46;VALENCIA/VALÈNCIA;46250;VALÈNCIA;B1;NIVEL INTERMEDIO;1;ÁRABE;2;17
2021;46013220;46;VALENCIA/VALÈNCIA;46250;VALÈNCIA;B1;NIVEL INTERMEDIO;2;ALEMÁN;3;55
2021;46013220;46;VALENCIA/VALÈNCIA;46250;VALÈNCIA;B1;NIVEL INTERMEDIO;2;CHINO;1;8
2021;46013220;46;VALENCIA/VALÈNCIA;46250;VALÈNCIA;B1;NIVEL INTERMEDIO;2;EUSKERA;1;5
2021;46013220;46;VALENCIA/VALÈNCIA;46250;VALÈNCIA;B1;NIVEL INTERMEDIO;2;FINÉS;1;3
2021;46013220;46;VALENCIA/VALÈNCIA;46250;VALÈNCIA;B1;NIVEL INTERMEDIO;2;FRANCÉS;7;126
2021;46013220;46;VALENCIA/VALÈNCIA;46250;VALÈNCIA;B1;NIVEL INTERMEDIO;2;GRIEGO;1;7
2021;46013220;46;VALENCIA/VALÈNCIA;46250;VALÈNCIA;B1;NIVEL INTERMEDIO;2;INGLÉS;16;370
2021;46013220;46;VALENCIA/VALÈNCIA;46250;VALÈNCIA;B1;NIVEL INTERMEDIO;2;JAPONÉS;1;4
2021;46013220;46;VALENCIA/VALÈNCIA;46250;VALÈNCIA;B1;NIVEL INTERMEDIO;2;NEERLANDÉS;1;13
2021;46013220;46;VALENCIA/VALÈNCIA;46250;VALÈNCIA;B1;NIVEL INTERMEDIO;2;POLACO;1;11
2021;46013220;46;VALENCIA/VALÈNCIA;46250;VALÈNCIA;B1;NIVEL INTERMEDIO;2;RUSO;1;10
2021;46013220;46;VALENCIA/VALÈNCIA;46250;VALÈNCIA;B1;NIVEL INTERMEDIO;2;ÁRABE;1;7
2021;46013220;46;VALENCIA/VALÈNCIA;46250;VALÈNCIA;B1;NIVEL INTERMEDIO;3;CHINO;1;9
2021;46013220;46;VALENCIA/VALÈNCIA;46250;VALÈNCIA;B1;NIVEL INTERMEDIO;3;JAPONÉS;1;5
2021;46013220;46;VALENCIA/VALÈNCIA;46250;VALÈNCIA;B2;NIVEL INTERMEDIO;1;ALEMÁN;2;35
2021;46013220;46;VALENCIA/VALÈNCIA;46250;VALÈNCIA;B2;NIVEL INTERMEDIO;1;CHINO;1;8
2021;46013220;46;VALENCIA/VALÈNCIA;46250;VALÈNCIA;B2;NIVEL INTERMEDIO;1;ESPAÑOL COMO LENGUA EXTRANJERA;5;104
2021;46013220;46;VALENCIA/VALÈNCIA;46250;VALÈNCIA;B2;NIVEL INTERMEDIO;1;EUSKERA;1;11
2021;46013220;46;VALENCIA/VALÈNCIA;46250;VALÈNCIA;B2;NIVEL INTERMEDIO;1;FRANCÉS;6;98
2021;46013220;46;VALENCIA/VALÈNCIA;46250;VALÈNCIA;B2;NIVEL INTERMEDIO;1;GRIEGO;1;8
2021;46013220;46;VALENCIA/VALÈNCIA;46250;VALÈNCIA;B2;NIVEL INTERMEDIO;1;INGLÉS;19;408
2021;46013220;46;VALENCIA/VALÈNCIA;46250;VALÈNCIA;B2;NIVEL INTERMEDIO;1;ITALIANO;4;62
2021;46013220;46;VALENCIA/VALÈNCIA;46250;VALÈNCIA;B2;NIVEL INTERMEDIO;1;JAPONÉS;1;7
2021;46013220;46;VALENCIA/VALÈNCIA;46250;VALÈNCIA;B2;NIVEL INTERMEDIO;1;PORTUGUÉS;2;21
2021;46013220;46;VALENCIA/VALÈNCIA;46250;VALÈNCIA;B2;NIVEL INTERMEDIO;1;RUSO;1;8
2021;46013220;46;VALENCIA/VALÈNCIA;46250;VALÈNCIA;B2;NIVEL INTERMEDIO;1;VALENCIANO;4;103
2021;46013220;46;VALENCIA/VALÈNCIA;46250;VALÈNCIA;B2;NIVEL INTERMEDIO;1;ÁRABE;1;7
2021;46013220;46;VALENCIA/VALÈNCIA;46250;VALÈNCIA;B2;NIVEL INTERMEDIO;2;ALEMÁN;2;25
2021;46013220;46;VALENCIA/VALÈNCIA;46250;VALÈNCIA;B2;NIVEL INTERMEDIO;2;CHINO;1;5
2021;46013220;46;VALENCIA/VALÈNCIA;46250;VALÈNCIA;B2;NIVEL INTERMEDIO;2;EUSKERA;1;6
2021;46013220;46;VALENCIA/VALÈNCIA;46250;VALÈNCIA;B2;NIVEL INTERMEDIO;2;FRANCÉS;6;97
2021;46013220;46;VALENCIA/VALÈNCIA;46250;VALÈNCIA;B2;NIVEL INTERMEDIO;2;GRIEGO;1;10
2021;46013220;46;VALENCIA/VALÈNCIA;46250;VALÈNCIA;B2;NIVEL INTERMEDIO;2;INGLÉS;17;393
2021;46013220;46;VALENCIA/VALÈNCIA;46250;VALÈNCIA;B2;NIVEL INTERMEDIO;2;ITALIANO;3;57
2021;46013220;46;VALENCIA/VALÈNCIA;46250;VALÈNCIA;B2;NIVEL INTERMEDIO;2;PORTUGUÉS;1;8
2021;46013220;46;VALENCIA/VALÈNCIA;46250;VALÈNCIA;B2;NIVEL INTERMEDIO;2;RUSO;1;6
2021;46013220;46;VALENCIA/VALÈNCIA;46250;VALÈNCIA;B2;NIVEL INTERMEDIO;2;ÁRABE;1;10
2021;46013220;46;VALENCIA/VALÈNCIA;46250;VALÈNCIA;C1;NIVEL AVANZADO;1;ALEMÁN;2;27
2021;46013220;46;VALENCIA/VALÈNCIA;46250;VALÈNCIA;C1;NIVEL AVANZADO;1;ESPAÑOL COMO LENGUA EXTRANJERA;2;45
2021;46013220;46;VALENCIA/VALÈNCIA;46250;VALÈNCIA;C1;NIVEL AVANZADO;1;FRANCÉS;4;78
2021;46013220;46;VALENCIA/VALÈNCIA;46250;VALÈNCIA;C1;NIVEL AVANZADO;1;INGLÉS;16;338
2021;46013220;46;VALENCIA/VALÈNCIA;46250;VALÈNCIA;C1;NIVEL AVANZADO;1;ITALIANO;2;45
2021;46013220;46;VALENCIA/VALÈNCIA;46250;VALÈNCIA;C1;NIVEL AVANZADO;1;PORTUGUÉS;1;24
2021;46013220;46;VALENCIA/VALÈNCIA;46250;VALÈNCIA;C1;NIVEL AVANZADO;1;VALENCIANO;5;103
2021;46013220;46;VALENCIA/VALÈNCIA;46250;VALÈNCIA;C1;NIVEL AVANZADO;2;ALEMÁN;2;26
2021;46013220;46;VALENCIA/VALÈNCIA;46250;VALÈNCIA;C1;NIVEL AVANZADO;2;FRANCÉS;3;43
2021;46013220;46;VALENCIA/VALÈNCIA;46250;VALÈNCIA;C1;NIVEL AVANZADO;2;INGLÉS;7;162
2021;46013220;46;VALENCIA/VALÈNCIA;46250;VALÈNCIA;C2;NIVEL AVANZADO;1;ALEMÁN;1;16
2021;46013220;46;VALENCIA/VALÈNCIA;46250;VALÈNCIA;C2;NIVEL AVANZADO;1;ESPAÑOL COMO LENGUA EXTRANJERA;1;19
2021;46013220;46;VALENCIA/VALÈNCIA;46250;VALÈNCIA;C2;NIVEL AVANZADO;1;FRANCÉS;2;14
2021;46013220;46;VALENCIA/VALÈNCIA;46250;VALÈNCIA;C2;NIVEL AVANZADO;1;INGLÉS;5;82
2021;46013220;46;VALENCIA/VALÈNCIA;46250;VALÈNCIA;C2;NIVEL AVANZADO;1;VALENCIANO;4;64
2021;46013220;46;VALENCIA/VALÈNCIA;46250;VALÈNCIA;C2;NIVEL AVANZADO;2;ALEMÁN;1;7
2021;46013220;46;VALENCIA/VALÈNCIA;46250;VALÈNCIA;C2;NIVEL AVANZADO;2;FRANCÉS;1;7
2021;46013220;46;VALENCIA/VALÈNCIA;46250;VALÈNCIA;C2;NIVEL AVANZADO;2;INGLÉS;2;44
2021;46013220;46;VALENCIA/VALÈNCIA;46250;VALÈNCIA;C2;NIVEL AVANZADO;2;VALENCIANO;2;34
2021;46013220;46;VALENCIA/VALÈNCIA;46250;VALÈNCIA;COMPLEMENTARIO TIPO A;SIN DEFINIR;A;ALEMÁN;7;55
2021;46013220;46;VALENCIA/VALÈNCIA;46250;VALÈNCIA;COMPLEMENTARIO TIPO A;SIN DEFINIR;A;CHINO;1;5
2021;46013220;46;VALENCIA/VALÈNCIA;46250;VALÈNCIA;COMPLEMENTARIO TIPO A;SIN DEFINIR;A;ESPAÑOL COMO LENGUA EXTRANJERA;4;42
2021;46013220;46;VALENCIA/VALÈNCIA;46250;VALÈNCIA;COMPLEMENTARIO TIPO A;SIN DEFINIR;A;FRANCÉS;11;86
2021;46013220;46;VALENCIA/VALÈNCIA;46250;VALÈNCIA;COMPLEMENTARIO TIPO A;SIN DEFINIR;A;INGLÉS;20;234
2021;46013220;46;VALENCIA/VALÈNCIA;46250;VALÈNCIA;COMPLEMENTARIO TIPO A;SIN DEFINIR;A;ITALIANO;3;7
2021;46013220;46;VALENCIA/VALÈNCIA;46250;VALÈNCIA;COMPLEMENTARIO TIPO A;SIN DEFINIR;A;PORTUGUÉS;2;4
2021;46013220;46;VALENCIA/VALÈNCIA;46250;VALÈNCIA;COMPLEMENTARIO TIPO A;SIN DEFINIR;A;RUSO;2;11
2021;46013220;46;VALENCIA/VALÈNCIA;46250;VALÈNCIA;COMPLEMENTARIO TIPO A;SIN DEFINIR;A;VALENCIANO;5;31
2021;46013220;46;VALENCIA/VALÈNCIA;46250;VALÈNCIA;COMPLEMENTARIO TIPO A;SIN DEFINIR;A;ÁRABE;4;26
2021;46013220;46;VALENCIA/VALÈNCIA;46250;VALÈNCIA;COMPLEMENTARIO TIPO B;SIN DEFINIR;B;INGLÉS;3;27
2021;46018382;46;VALENCIA/VALÈNCIA;46017;ALZIRA;A2;NIVEL BÁSICO;1;ALEMÁN;3;43
2021;46018382;46;VALENCIA/VALÈNCIA;46017;ALZIRA;A2;NIVEL BÁSICO;1;FRANCÉS;5;66
2021;46018382;46;VALENCIA/VALÈNCIA;46017;ALZIRA;A2;NIVEL BÁSICO;1;INGLÉS;4;82
2021;46018382;46;VALENCIA/VALÈNCIA;46017;ALZIRA;A2;NIVEL BÁSICO;1;ITALIANO;3;48
2021;46018382;46;VALENCIA/VALÈNCIA;46017;ALZIRA;A2;NIVEL BÁSICO;2;ALEMÁN;2;23
2021;46018382;46;VALENCIA/VALÈNCIA;46017;ALZIRA;A2;NIVEL BÁSICO;2;FRANCÉS;3;32
2021;46018382;46;VALENCIA/VALÈNCIA;46017;ALZIRA;A2;NIVEL BÁSICO;2;INGLÉS;6;80
2021;46018382;46;VALENCIA/VALÈNCIA;46017;ALZIRA;A2;NIVEL BÁSICO;2;ITALIANO;3;32
2021;46018382;46;VALENCIA/VALÈNCIA;46017;ALZIRA;B1;NIVEL INTERMEDIO;1;ALEMÁN;1;22
2021;46018382;46;VALENCIA/VALÈNCIA;46017;ALZIRA;B1;NIVEL INTERMEDIO;1;FRANCÉS;2;24
2021;46018382;46;VALENCIA/VALÈNCIA;46017;ALZIRA;B1;NIVEL INTERMEDIO;1;INGLÉS;9;206
2021;46018382;46;VALENCIA/VALÈNCIA;46017;ALZIRA;B1;NIVEL INTERMEDIO;1;ITALIANO;2;23
2021;46018382;46;VALENCIA/VALÈNCIA;46017;ALZIRA;B1;NIVEL INTERMEDIO;2;ALEMÁN;1;24
2021;46018382;46;VALENCIA/VALÈNCIA;46017;ALZIRA;B1;NIVEL INTERMEDIO;2;FRANCÉS;2;15
2021;46018382;46;VALENCIA/VALÈNCIA;46017;ALZIRA;B1;NIVEL INTERMEDIO;2;INGLÉS;10;144
2021;46018382;46;VALENCIA/VALÈNCIA;46017;ALZIRA;B2;NIVEL INTERMEDIO;1;ALEMÁN;1;7
2021;46018382;46;VALENCIA/VALÈNCIA;46017;ALZIRA;B2;NIVEL INTERMEDIO;1;FRANCÉS;1;15
2021;46018382;46;VALENCIA/VALÈNCIA;46017;ALZIRA;B2;NIVEL INTERMEDIO;1;INGLÉS;9;161
2021;46018382;46;VALENCIA/VALÈNCIA;46017;ALZIRA;B2;NIVEL INTERMEDIO;1;ITALIANO;1;16
2021;46018382;46;VALENCIA/VALÈNCIA;46017;ALZIRA;B2;NIVEL INTERMEDIO;1;VALENCIANO;1;20
2021;46018382;46;VALENCIA/VALÈNCIA;46017;ALZIRA;B2;NIVEL INTERMEDIO;2;ALEMÁN;1;8
2021;46018382;46;VALENCIA/VALÈNCIA;46017;ALZIRA;B2;NIVEL INTERMEDIO;2;FRANCÉS;1;10
2021;46018382;46;VALENCIA/VALÈNCIA;46017;ALZIRA;B2;NIVEL INTERMEDIO;2;INGLÉS;8;123
2021;46018382;46;VALENCIA/VALÈNCIA;46017;ALZIRA;B2;NIVEL INTERMEDIO;2;ITALIANO;1;11
2021;46018382;46;VALENCIA/VALÈNCIA;46017;ALZIRA;C1;NIVEL AVANZADO;1;INGLÉS;7;136
2021;46018382;46;VALENCIA/VALÈNCIA;46017;ALZIRA;C1;NIVEL AVANZADO;1;ITALIANO;1;8
2021;46018382;46;VALENCIA/VALÈNCIA;46017;ALZIRA;C1;NIVEL AVANZADO;1;VALENCIANO;2;45
2021;46018382;46;VALENCIA/VALÈNCIA;46017;ALZIRA;C1;NIVEL AVANZADO;2;INGLÉS;7;85
2021;46018382;46;VALENCIA/VALÈNCIA;46017;ALZIRA;C2;NIVEL AVANZADO;1;INGLÉS;2;35
2021;46018382;46;VALENCIA/VALÈNCIA;46017;ALZIRA;C2;NIVEL AVANZADO;1;VALENCIANO;3;59
2021;46018382;46;VALENCIA/VALÈNCIA;46017;ALZIRA;C2;NIVEL AVANZADO;2;INGLÉS;1;9
2021;46018382;46;VALENCIA/VALÈNCIA;46017;ALZIRA;C2;NIVEL AVANZADO;2;VALENCIANO;2;19
2021;46018382;46;VALENCIA/VALÈNCIA;46017;ALZIRA;COMPLEMENTARIO TIPO A;SIN DEFINIR;A;FRANCÉS;1;1
2021;46018382;46;VALENCIA/VALÈNCIA;46017;ALZIRA;COMPLEMENTARIO TIPO A;SIN DEFINIR;A;INGLÉS;4;59
2021;46018382;46;VALENCIA/VALÈNCIA;46017;ALZIRA;COMPLEMENTARIO TIPO A;SIN DEFINIR;A;ITALIANO;1;5
2021;46018382;46;VALENCIA/VALÈNCIA;46017;ALZIRA;COMPLEMENTARIO TIPO A;SIN DEFINIR;A;VALENCIANO;1;2
2021;46018394;46;VALENCIA/VALÈNCIA;46131;GANDIA;A2;NIVEL BÁSICO;1;ALEMÁN;5;64
2021;46018394;46;VALENCIA/VALÈNCIA;46131;GANDIA;A2;NIVEL BÁSICO;1;ESPAÑOL COMO LENGUA EXTRANJERA;4;110
2021;46018394;46;VALENCIA/VALÈNCIA;46131;GANDIA;A2;NIVEL BÁSICO;1;FRANCÉS;5;77
2021;46018394;46;VALENCIA/VALÈNCIA;46131;GANDIA;A2;NIVEL BÁSICO;1;INGLÉS;9;230
2021;46018394;46;VALENCIA/VALÈNCIA;46131;GANDIA;A2;NIVEL BÁSICO;1;ITALIANO;3;55
2021;46018394;46;VALENCIA/VALÈNCIA;46131;GANDIA;A2;NIVEL BÁSICO;1;THAT'S ENGLISH;1;21
2021;46018394;46;VALENCIA/VALÈNCIA;46131;GANDIA;A2;NIVEL BÁSICO;2;ALEMÁN;3;31
2021;46018394;46;VALENCIA/VALÈNCIA;46131;GANDIA;A2;NIVEL BÁSICO;2;ESPAÑOL COMO LENGUA EXTRANJERA;2;60
2021;46018394;46;VALENCIA/VALÈNCIA;46131;GANDIA;A2;NIVEL BÁSICO;2;FRANCÉS;3;35
2021;46018394;46;VALENCIA/VALÈNCIA;46131;GANDIA;A2;NIVEL BÁSICO;2;INGLÉS;8;166
2021;46018394;46;VALENCIA/VALÈNCIA;46131;GANDIA;A2;NIVEL BÁSICO;2;ITALIANO;2;23
2021;46018394;46;VALENCIA/VALÈNCIA;46131;GANDIA;A2;NIVEL BÁSICO;2;THAT'S ENGLISH;1;22
2021;46018394;46;VALENCIA/VALÈNCIA;46131;GANDIA;B1;NIVEL INTERMEDIO;1;ALEMÁN;2;18
2021;46018394;46;VALENCIA/VALÈNCIA;46131;GANDIA;B1;NIVEL INTERMEDIO;1;ESPAÑOL COMO LENGUA EXTRANJERA;2;60
2021;46018394;46;VALENCIA/VALÈNCIA;46131;GANDIA;B1;NIVEL INTERMEDIO;1;FRANCÉS;2;31
2021;46018394;46;VALENCIA/VALÈNCIA;46131;GANDIA;B1;NIVEL INTERMEDIO;1;INGLÉS;11;280
2021;46018394;46;VALENCIA/VALÈNCIA;46131;GANDIA;B1;NIVEL INTERMEDIO;1;ITALIANO;2;29
2021;46018394;46;VALENCIA/VALÈNCIA;46131;GANDIA;B1;NIVEL INTERMEDIO;2;ALEMÁN;1;10
2021;46018394;46;VALENCIA/VALÈNCIA;46131;GANDIA;B1;NIVEL INTERMEDIO;2;FRANCÉS;3;31
2021;46018394;46;VALENCIA/VALÈNCIA;46131;GANDIA;B1;NIVEL INTERMEDIO;2;INGLÉS;10;178
2021;46018394;46;VALENCIA/VALÈNCIA;46131;GANDIA;B2;NIVEL INTERMEDIO;1;ALEMÁN;1;10
2021;46018394;46;VALENCIA/VALÈNCIA;46131;GANDIA;B2;NIVEL INTERMEDIO;1;ESPAÑOL COMO LENGUA EXTRANJERA;2;23
2021;46018394;46;VALENCIA/VALÈNCIA;46131;GANDIA;B2;NIVEL INTERMEDIO;1;FRANCÉS;1;12
2021;46018394;46;VALENCIA/VALÈNCIA;46131;GANDIA;B2;NIVEL INTERMEDIO;1;INGLÉS;11;217
2021;46018394;46;VALENCIA/VALÈNCIA;46131;GANDIA;B2;NIVEL INTERMEDIO;1;ITALIANO;2;17
2021;46018394;46;VALENCIA/VALÈNCIA;46131;GANDIA;B2;NIVEL INTERMEDIO;1;VALENCIANO;1;30
2021;46018394;46;VALENCIA/VALÈNCIA;46131;GANDIA;B2;NIVEL INTERMEDIO;2;ALEMÁN;1;7
2021;46018394;46;VALENCIA/VALÈNCIA;46131;GANDIA;B2;NIVEL INTERMEDIO;2;FRANCÉS;1;13
2021;46018394;46;VALENCIA/VALÈNCIA;46131;GANDIA;B2;NIVEL INTERMEDIO;2;INGLÉS;9;147
2021;46018394;46;VALENCIA/VALÈNCIA;46131;GANDIA;B2;NIVEL INTERMEDIO;2;ITALIANO;1;15
2021;46018394;46;VALENCIA/VALÈNCIA;46131;GANDIA;C1;NIVEL AVANZADO;1;ALEMÁN;1;12
2021;46018394;46;VALENCIA/VALÈNCIA;46131;GANDIA;C1;NIVEL AVANZADO;1;ESPAÑOL COMO LENGUA EXTRANJERA;1;18
2021;46018394;46;VALENCIA/VALÈNCIA;46131;GANDIA;C1;NIVEL AVANZADO;1;FRANCÉS;1;9
2021;46018394;46;VALENCIA/VALÈNCIA;46131;GANDIA;C1;NIVEL AVANZADO;1;INGLÉS;9;177
2021;46018394;46;VALENCIA/VALÈNCIA;46131;GANDIA;C1;NIVEL AVANZADO;1;ITALIANO;1;5
2021;46018394;46;VALENCIA/VALÈNCIA;46131;GANDIA;C1;NIVEL AVANZADO;1;VALENCIANO;2;51
2021;46018394;46;VALENCIA/VALÈNCIA;46131;GANDIA;C1;NIVEL AVANZADO;2;FRANCÉS;1;4
2021;46018394;46;VALENCIA/VALÈNCIA;46131;GANDIA;C1;NIVEL AVANZADO;2;INGLÉS;8;114
2021;46018394;46;VALENCIA/VALÈNCIA;46131;GANDIA;C2;NIVEL AVANZADO;1;INGLÉS;2;40
2021;46018394;46;VALENCIA/VALÈNCIA;46131;GANDIA;C2;NIVEL AVANZADO;1;ITALIANO;1;1
2021;46018394;46;VALENCIA/VALÈNCIA;46131;GANDIA;C2;NIVEL AVANZADO;1;VALENCIANO;3;61
2021;46018394;46;VALENCIA/VALÈNCIA;46131;GANDIA;C2;NIVEL AVANZADO;2;INGLÉS;2;15
2021;46018394;46;VALENCIA/VALÈNCIA;46131;GANDIA;C2;NIVEL AVANZADO;2;ITALIANO;1;9
2021;46018394;46;VALENCIA/VALÈNCIA;46131;GANDIA;C2;NIVEL AVANZADO;2;VALENCIANO;2;34
2021;46018394;46;VALENCIA/VALÈNCIA;46131;GANDIA;COMPLEMENTARIO TIPO A;SIN DEFINIR;A;ESPAÑOL COMO LENGUA EXTRANJERA;2;16
2021;46018394;46;VALENCIA/VALÈNCIA;46131;GANDIA;COMPLEMENTARIO TIPO A;SIN DEFINIR;A;FRANCÉS;3;14
2021;46018394;46;VALENCIA/VALÈNCIA;46131;GANDIA;COMPLEMENTARIO TIPO A;SIN DEFINIR;A;INGLÉS;3;24
2021;46018394;46;VALENCIA/VALÈNCIA;46131;GANDIA;COMPLEMENTARIO TIPO A;SIN DEFINIR;A;VALENCIANO;1;2
2021;46018394;46;VALENCIA/VALÈNCIA;46131;GANDIA;COMPLEMENTARIO TIPO B;SIN DEFINIR;B;INGLÉS;6;34
2021;46020546;46;VALENCIA/VALÈNCIA;46102;QUART DE POBLET;A2;NIVEL BÁSICO;1;ALEMÁN;3;53
2021;46020546;46;VALENCIA/VALÈNCIA;46102;QUART DE POBLET;A2;NIVEL BÁSICO;1;FRANCÉS;5;56
2021;46020546;46;VALENCIA/VALÈNCIA;46102;QUART DE POBLET;A2;NIVEL BÁSICO;1;INGLÉS;6;142
2021;46020546;46;VALENCIA/VALÈNCIA;46102;QUART DE POBLET;A2;NIVEL BÁSICO;1;ITALIANO;3;63
2021;46020546;46;VALENCIA/VALÈNCIA;46102;QUART DE POBLET;A2;NIVEL BÁSICO;1;THAT'S ENGLISH;2;57
2021;46020546;46;VALENCIA/VALÈNCIA;46102;QUART DE POBLET;A2;NIVEL BÁSICO;2;ALEMÁN;2;24
2021;46020546;46;VALENCIA/VALÈNCIA;46102;QUART DE POBLET;A2;NIVEL BÁSICO;2;FRANCÉS;3;38
2021;46020546;46;VALENCIA/VALÈNCIA;46102;QUART DE POBLET;A2;NIVEL BÁSICO;2;INGLÉS;6;112
2021;46020546;46;VALENCIA/VALÈNCIA;46102;QUART DE POBLET;A2;NIVEL BÁSICO;2;ITALIANO;2;22
2021;46020546;46;VALENCIA/VALÈNCIA;46102;QUART DE POBLET;A2;NIVEL BÁSICO;2;THAT'S ENGLISH;2;31
2021;46020546;46;VALENCIA/VALÈNCIA;46102;QUART DE POBLET;B1;NIVEL INTERMEDIO;1;ALEMÁN;2;26
2021;46020546;46;VALENCIA/VALÈNCIA;46102;QUART DE POBLET;B1;NIVEL INTERMEDIO;1;FRANCÉS;3;61
2021;46020546;46;VALENCIA/VALÈNCIA;46102;QUART DE POBLET;B1;NIVEL INTERMEDIO;1;INGLÉS;12;327
2021;46020546;46;VALENCIA/VALÈNCIA;46102;QUART DE POBLET;B1;NIVEL INTERMEDIO;1;ITALIANO;2;24
2021;46020546;46;VALENCIA/VALÈNCIA;46102;QUART DE POBLET;B1;NIVEL INTERMEDIO;2;ALEMÁN;1;11
2021;46020546;46;VALENCIA/VALÈNCIA;46102;QUART DE POBLET;B1;NIVEL INTERMEDIO;2;FRANCÉS;2;28
2021;46020546;46;VALENCIA/VALÈNCIA;46102;QUART DE POBLET;B1;NIVEL INTERMEDIO;2;INGLÉS;10;225
2021;46020546;46;VALENCIA/VALÈNCIA;46102;QUART DE POBLET;B2;NIVEL INTERMEDIO;1;ALEMÁN;1;17
2021;46020546;46;VALENCIA/VALÈNCIA;46102;QUART DE POBLET;B2;NIVEL INTERMEDIO;1;FRANCÉS;2;25
2021;46020546;46;VALENCIA/VALÈNCIA;46102;QUART DE POBLET;B2;NIVEL INTERMEDIO;1;INGLÉS;8;215
2021;46020546;46;VALENCIA/VALÈNCIA;46102;QUART DE POBLET;B2;NIVEL INTERMEDIO;1;ITALIANO;2;35
2021;46020546;46;VALENCIA/VALÈNCIA;46102;QUART DE POBLET;B2;NIVEL INTERMEDIO;1;VALENCIANO;2;55
2021;46020546;46;VALENCIA/VALÈNCIA;46102;QUART DE POBLET;B2;NIVEL INTERMEDIO;2;ALEMÁN;1;11
2021;46020546;46;VALENCIA/VALÈNCIA;46102;QUART DE POBLET;B2;NIVEL INTERMEDIO;2;FRANCÉS;2;23
2021;46020546;46;VALENCIA/VALÈNCIA;46102;QUART DE POBLET;B2;NIVEL INTERMEDIO;2;INGLÉS;7;160
2021;46020546;46;VALENCIA/VALÈNCIA;46102;QUART DE POBLET;B2;NIVEL INTERMEDIO;2;ITALIANO;1;22
2021;46020546;46;VALENCIA/VALÈNCIA;46102;QUART DE POBLET;C1;NIVEL AVANZADO;1;ALEMÁN;1;15
2021;46020546;46;VALENCIA/VALÈNCIA;46102;QUART DE POBLET;C1;NIVEL AVANZADO;1;FRANCÉS;1;17
2021;46020546;46;VALENCIA/VALÈNCIA;46102;QUART DE POBLET;C1;NIVEL AVANZADO;1;INGLÉS;6;146
2021;46020546;46;VALENCIA/VALÈNCIA;46102;QUART DE POBLET;C1;NIVEL AVANZADO;1;ITALIANO;1;24
2021;46020546;46;VALENCIA/VALÈNCIA;46102;QUART DE POBLET;C1;NIVEL AVANZADO;1;VALENCIANO;1;24
2021;46020546;46;VALENCIA/VALÈNCIA;46102;QUART DE POBLET;C1;NIVEL AVANZADO;2;FRANCÉS;1;13
2021;46020546;46;VALENCIA/VALÈNCIA;46102;QUART DE POBLET;C1;NIVEL AVANZADO;2;INGLÉS;4;63
2021;46020546;46;VALENCIA/VALÈNCIA;46102;QUART DE POBLET;C2;NIVEL AVANZADO;1;INGLÉS;2;48
2021;46020546;46;VALENCIA/VALÈNCIA;46102;QUART DE POBLET;C2;NIVEL AVANZADO;1;ITALIANO;1;13
2021;46020546;46;VALENCIA/VALÈNCIA;46102;QUART DE POBLET;C2;NIVEL AVANZADO;1;VALENCIANO;3;61
2021;46020546;46;VALENCIA/VALÈNCIA;46102;QUART DE POBLET;C2;NIVEL AVANZADO;2;INGLÉS;1;17
2021;46020546;46;VALENCIA/VALÈNCIA;46102;QUART DE POBLET;C2;NIVEL AVANZADO;2;ITALIANO;1;12
2021;46020546;46;VALENCIA/VALÈNCIA;46102;QUART DE POBLET;C2;NIVEL AVANZADO;2;VALENCIANO;2;40
2021;46020546;46;VALENCIA/VALÈNCIA;46102;QUART DE POBLET;COMPLEMENTARIO TIPO A;SIN DEFINIR;A;ALEMÁN;2;15
2021;46020546;46;VALENCIA/VALÈNCIA;46102;QUART DE POBLET;COMPLEMENTARIO TIPO A;SIN DEFINIR;A;FRANCÉS;3;22
2021;46020546;46;VALENCIA/VALÈNCIA;46102;QUART DE POBLET;COMPLEMENTARIO TIPO A;SIN DEFINIR;A;INGLÉS;4;42
2021;46020546;46;VALENCIA/VALÈNCIA;46102;QUART DE POBLET;COMPLEMENTARIO TIPO A;SIN DEFINIR;A;VALENCIANO;1;8
2021;46020546;46;VALENCIA/VALÈNCIA;46102;QUART DE POBLET;COMPLEMENTARIO TIPO B;SIN DEFINIR;B;ALEMÁN;1;6
2021;46020546;46;VALENCIA/VALÈNCIA;46102;QUART DE POBLET;COMPLEMENTARIO TIPO B;SIN DEFINIR;B;INGLÉS;8;80
2021;46020546;46;VALENCIA/VALÈNCIA;46102;QUART DE POBLET;COMPLEMENTARIO TIPO B;SIN DEFINIR;B;ITALIANO;2;17
2021;46020558;46;VALENCIA/VALÈNCIA;46220;SAGUNT/SAGUNTO;A2;NIVEL BÁSICO;1;ALEMÁN;4;52
2021;46020558;46;VALENCIA/VALÈNCIA;46220;SAGUNT/SAGUNTO;A2;NIVEL BÁSICO;1;ESPAÑOL COMO LENGUA EXTRANJERA;2;63
2021;46020558;46;VALENCIA/VALÈNCIA;46220;SAGUNT/SAGUNTO;A2;NIVEL BÁSICO;1;FRANCÉS;4;64
2021;46020558;46;VALENCIA/VALÈNCIA;46220;SAGUNT/SAGUNTO;A2;NIVEL BÁSICO;1;INGLÉS;7;137
2021;46020558;46;VALENCIA/VALÈNCIA;46220;SAGUNT/SAGUNTO;A2;NIVEL BÁSICO;1;ITALIANO;4;52
2021;46020558;46;VALENCIA/VALÈNCIA;46220;SAGUNT/SAGUNTO;A2;NIVEL BÁSICO;1;THAT'S ENGLISH;1;17
2021;46020558;46;VALENCIA/VALÈNCIA;46220;SAGUNT/SAGUNTO;A2;NIVEL BÁSICO;1;VALENCIANO;1;21
2021;46020558;46;VALENCIA/VALÈNCIA;46220;SAGUNT/SAGUNTO;A2;NIVEL BÁSICO;2;ALEMÁN;3;18
2021;46020558;46;VALENCIA/VALÈNCIA;46220;SAGUNT/SAGUNTO;A2;NIVEL BÁSICO;2;ESPAÑOL COMO LENGUA EXTRANJERA;2;37
2021;46020558;46;VALENCIA/VALÈNCIA;46220;SAGUNT/SAGUNTO;A2;NIVEL BÁSICO;2;FRANCÉS;4;24
2021;46020558;46;VALENCIA/VALÈNCIA;46220;SAGUNT/SAGUNTO;A2;NIVEL BÁSICO;2;INGLÉS;5;84
2021;46020558;46;VALENCIA/VALÈNCIA;46220;SAGUNT/SAGUNTO;A2;NIVEL BÁSICO;2;ITALIANO;2;24
2021;46020558;46;VALENCIA/VALÈNCIA;46220;SAGUNT/SAGUNTO;A2;NIVEL BÁSICO;2;THAT'S ENGLISH;1;15
2021;46020558;46;VALENCIA/VALÈNCIA;46220;SAGUNT/SAGUNTO;B1;NIVEL INTERMEDIO;1;ALEMÁN;1;14
2021;46020558;46;VALENCIA/VALÈNCIA;46220;SAGUNT/SAGUNTO;B1;NIVEL INTERMEDIO;1;ESPAÑOL COMO LENGUA EXTRANJERA;2;43
2021;46020558;46;VALENCIA/VALÈNCIA;46220;SAGUNT/SAGUNTO;B1;NIVEL INTERMEDIO;1;FRANCÉS;2;27
2021;46020558;46;VALENCIA/VALÈNCIA;46220;SAGUNT/SAGUNTO;B1;NIVEL INTERMEDIO;1;INGLÉS;10;227
2021;46020558;46;VALENCIA/VALÈNCIA;46220;SAGUNT/SAGUNTO;B1;NIVEL INTERMEDIO;1;ITALIANO;2;12
2021;46020558;46;VALENCIA/VALÈNCIA;46220;SAGUNT/SAGUNTO;B1;NIVEL INTERMEDIO;1;VALENCIANO;1;16
2021;46020558;46;VALENCIA/VALÈNCIA;46220;SAGUNT/SAGUNTO;B1;NIVEL INTERMEDIO;2;ALEMÁN;1;8
2021;46020558;46;VALENCIA/VALÈNCIA;46220;SAGUNT/SAGUNTO;B1;NIVEL INTERMEDIO;2;FRANCÉS;1;10
2021;46020558;46;VALENCIA/VALÈNCIA;46220;SAGUNT/SAGUNTO;B1;NIVEL INTERMEDIO;2;INGLÉS;9;136
2021;46020558;46;VALENCIA/VALÈNCIA;46220;SAGUNT/SAGUNTO;B2;NIVEL INTERMEDIO;1;ALEMÁN;1;5
2021;46020558;46;VALENCIA/VALÈNCIA;46220;SAGUNT/SAGUNTO;B2;NIVEL INTERMEDIO;1;ESPAÑOL COMO LENGUA EXTRANJERA;1;12
2021;46020558;46;VALENCIA/VALÈNCIA;46220;SAGUNT/SAGUNTO;B2;NIVEL INTERMEDIO;1;FRANCÉS;1;13
2021;46020558;46;VALENCIA/VALÈNCIA;46220;SAGUNT/SAGUNTO;B2;NIVEL INTERMEDIO;1;INGLÉS;8;215
2021;46020558;46;VALENCIA/VALÈNCIA;46220;SAGUNT/SAGUNTO;B2;NIVEL INTERMEDIO;1;ITALIANO;1;11
2021;46020558;46;VALENCIA/VALÈNCIA;46220;SAGUNT/SAGUNTO;B2;NIVEL INTERMEDIO;1;VALENCIANO;2;36
2021;46020558;46;VALENCIA/VALÈNCIA;46220;SAGUNT/SAGUNTO;B2;NIVEL INTERMEDIO;2;ALEMÁN;1;12
2021;46020558;46;VALENCIA/VALÈNCIA;46220;SAGUNT/SAGUNTO;B2;NIVEL INTERMEDIO;2;FRANCÉS;1;12
2021;46020558;46;VALENCIA/VALÈNCIA;46220;SAGUNT/SAGUNTO;B2;NIVEL INTERMEDIO;2;INGLÉS;8;150
2021;46020558;46;VALENCIA/VALÈNCIA;46220;SAGUNT/SAGUNTO;B2;NIVEL INTERMEDIO;2;ITALIANO;1;7
2021;46020558;46;VALENCIA/VALÈNCIA;46220;SAGUNT/SAGUNTO;C1;NIVEL AVANZADO;1;FRANCÉS;1;7
2021;46020558;46;VALENCIA/VALÈNCIA;46220;SAGUNT/SAGUNTO;C1;NIVEL AVANZADO;1;INGLÉS;9;171
2021;46020558;46;VALENCIA/VALÈNCIA;46220;SAGUNT/SAGUNTO;C1;NIVEL AVANZADO;1;ITALIANO;1;14
2021;46020558;46;VALENCIA/VALÈNCIA;46220;SAGUNT/SAGUNTO;C1;NIVEL AVANZADO;1;VALENCIANO;2;52
2021;46020558;46;VALENCIA/VALÈNCIA;46220;SAGUNT/SAGUNTO;C1;NIVEL AVANZADO;2;FRANCÉS;1;6
2021;46020558;46;VALENCIA/VALÈNCIA;46220;SAGUNT/SAGUNTO;C1;NIVEL AVANZADO;2;INGLÉS;6;120
2021;46020558;46;VALENCIA/VALÈNCIA;46220;SAGUNT/SAGUNTO;C2;NIVEL AVANZADO;1;FRANCÉS;1;3
2021;46020558;46;VALENCIA/VALÈNCIA;46220;SAGUNT/SAGUNTO;C2;NIVEL AVANZADO;1;INGLÉS;2;27
2021;46020558;46;VALENCIA/VALÈNCIA;46220;SAGUNT/SAGUNTO;C2;NIVEL AVANZADO;1;VALENCIANO;3;45
2021;46020558;46;VALENCIA/VALÈNCIA;46220;SAGUNT/SAGUNTO;C2;NIVEL AVANZADO;2;INGLÉS;2;20
2021;46020558;46;VALENCIA/VALÈNCIA;46220;SAGUNT/SAGUNTO;C2;NIVEL AVANZADO;2;VALENCIANO;2;21
2021;46020558;46;VALENCIA/VALÈNCIA;46220;SAGUNT/SAGUNTO;COMPLEMENTARIO TIPO A;SIN DEFINIR;A;FRANCÉS;2;6
2021;46020558;46;VALENCIA/VALÈNCIA;46220;SAGUNT/SAGUNTO;COMPLEMENTARIO TIPO A;SIN DEFINIR;A;INGLÉS;5;26
2021;46020558;46;VALENCIA/VALÈNCIA;46220;SAGUNT/SAGUNTO;COMPLEMENTARIO TIPO A;SIN DEFINIR;A;VALENCIANO;1;1
2021;46020558;46;VALENCIA/VALÈNCIA;46220;SAGUNT/SAGUNTO;COMPLEMENTARIO TIPO B;SIN DEFINIR;B;ESPAÑOL COMO LENGUA EXTRANJERA;1;7
2021;46020558;46;VALENCIA/VALÈNCIA;46220;SAGUNT/SAGUNTO;COMPLEMENTARIO TIPO B;SIN DEFINIR;B;INGLÉS;1;4
2021;46024217;46;VALENCIA/VALÈNCIA;46249;UTIEL;A2;NIVEL BÁSICO;1;ALEMÁN;1;7
2021;46024217;46;VALENCIA/VALÈNCIA;46249;UTIEL;A2;NIVEL BÁSICO;1;FRANCÉS;2;16
2021;46024217;46;VALENCIA/VALÈNCIA;46249;UTIEL;A2;NIVEL BÁSICO;1;INGLÉS;3;41
2021;46024217;46;VALENCIA/VALÈNCIA;46249;UTIEL;A2;NIVEL BÁSICO;1;VALENCIANO;1;23
2021;46024217;46;VALENCIA/VALÈNCIA;46249;UTIEL;A2;NIVEL BÁSICO;2;FRANCÉS;2;13
2021;46024217;46;VALENCIA/VALÈNCIA;46249;UTIEL;A2;NIVEL BÁSICO;2;INGLÉS;4;37
2021;46024217;46;VALENCIA/VALÈNCIA;46249;UTIEL;B1;NIVEL INTERMEDIO;1;ALEMÁN;1;1
2021;46024217;46;VALENCIA/VALÈNCIA;46249;UTIEL;B1;NIVEL INTERMEDIO;1;FRANCÉS;2;9
2021;46024217;46;VALENCIA/VALÈNCIA;46249;UTIEL;B1;NIVEL INTERMEDIO;1;INGLÉS;7;95
2021;46024217;46;VALENCIA/VALÈNCIA;46249;UTIEL;B1;NIVEL INTERMEDIO;1;VALENCIANO;1;7
2021;46024217;46;VALENCIA/VALÈNCIA;46249;UTIEL;B1;NIVEL INTERMEDIO;2;ALEMÁN;1;5
2021;46024217;46;VALENCIA/VALÈNCIA;46249;UTIEL;B1;NIVEL INTERMEDIO;2;FRANCÉS;1;5
2021;46024217;46;VALENCIA/VALÈNCIA;46249;UTIEL;B1;NIVEL INTERMEDIO;2;INGLÉS;7;67
2021;46024217;46;VALENCIA/VALÈNCIA;46249;UTIEL;B2;NIVEL INTERMEDIO;1;FRANCÉS;1;3
2021;46024217;46;VALENCIA/VALÈNCIA;46249;UTIEL;B2;NIVEL INTERMEDIO;1;INGLÉS;4;64
2021;46024217;46;VALENCIA/VALÈNCIA;46249;UTIEL;B2;NIVEL INTERMEDIO;1;VALENCIANO;2;44
2021;46024217;46;VALENCIA/VALÈNCIA;46249;UTIEL;B2;NIVEL INTERMEDIO;2;ALEMÁN;1;5
2021;46024217;46;VALENCIA/VALÈNCIA;46249;UTIEL;B2;NIVEL INTERMEDIO;2;FRANCÉS;1;2
2021;46024217;46;VALENCIA/VALÈNCIA;46249;UTIEL;B2;NIVEL INTERMEDIO;2;INGLÉS;4;46
2021;46024217;46;VALENCIA/VALÈNCIA;46249;UTIEL;C1;NIVEL AVANZADO;1;INGLÉS;4;36
2021;46024217;46;VALENCIA/VALÈNCIA;46249;UTIEL;C1;NIVEL AVANZADO;1;VALENCIANO;2;44
2021;46024217;46;VALENCIA/VALÈNCIA;46249;UTIEL;C1;NIVEL AVANZADO;2;INGLÉS;3;24
2021;46024217;46;VALENCIA/VALÈNCIA;46249;UTIEL;C2;NIVEL AVANZADO;1;VALENCIANO;1;18
2021;46024217;46;VALENCIA/VALÈNCIA;46249;UTIEL;C2;NIVEL AVANZADO;2;VALENCIANO;1;9
2021;46024217;46;VALENCIA/VALÈNCIA;46249;UTIEL;COMPLEMENTARIO TIPO A;SIN DEFINIR;A;INGLÉS;4;12
2021;46027127;46;VALENCIA/VALÈNCIA;46250;VALÈNCIA;A2;NIVEL BÁSICO;1;ALEMÁN;2;80
2021;46027127;46;VALENCIA/VALÈNCIA;46250;VALÈNCIA;A2;NIVEL BÁSICO;1;FRANCÉS;6;152
2021;46027127;46;VALENCIA/VALÈNCIA;46250;VALÈNCIA;A2;NIVEL BÁSICO;1;INGLÉS;8;276
2021;46027127;46;VALENCIA/VALÈNCIA;46250;VALÈNCIA;A2;NIVEL BÁSICO;1;ITALIANO;3;77
2021;46027127;46;VALENCIA/VALÈNCIA;46250;VALÈNCIA;A2;NIVEL BÁSICO;1;VALENCIANO;1;39
2021;46027127;46;VALENCIA/VALÈNCIA;46250;VALÈNCIA;A2;NIVEL BÁSICO;2;ALEMÁN;2;32
2021;46027127;46;VALENCIA/VALÈNCIA;46250;VALÈNCIA;A2;NIVEL BÁSICO;2;FRANCÉS;4;57
2021;46027127;46;VALENCIA/VALÈNCIA;46250;VALÈNCIA;A2;NIVEL BÁSICO;2;INGLÉS;6;168
2021;46027127;46;VALENCIA/VALÈNCIA;46250;VALÈNCIA;A2;NIVEL BÁSICO;2;ITALIANO;2;29
2021;46027127;46;VALENCIA/VALÈNCIA;46250;VALÈNCIA;B1;NIVEL INTERMEDIO;1;ALEMÁN;1;29
2021;46027127;46;VALENCIA/VALÈNCIA;46250;VALÈNCIA;B1;NIVEL INTERMEDIO;1;FRANCÉS;2;51
2021;46027127;46;VALENCIA/VALÈNCIA;46250;VALÈNCIA;B1;NIVEL INTERMEDIO;1;INGLÉS;12;354
2021;46027127;46;VALENCIA/VALÈNCIA;46250;VALÈNCIA;B1;NIVEL INTERMEDIO;1;ITALIANO;1;21
2021;46027127;46;VALENCIA/VALÈNCIA;46250;VALÈNCIA;B1;NIVEL INTERMEDIO;1;VALENCIANO;1;22
2021;46027127;46;VALENCIA/VALÈNCIA;46250;VALÈNCIA;B1;NIVEL INTERMEDIO;2;ALEMÁN;1;15
2021;46027127;46;VALENCIA/VALÈNCIA;46250;VALÈNCIA;B1;NIVEL INTERMEDIO;2;FRANCÉS;1;20
2021;46027127;46;VALENCIA/VALÈNCIA;46250;VALÈNCIA;B1;NIVEL INTERMEDIO;2;INGLÉS;9;198
2021;46027127;46;VALENCIA/VALÈNCIA;46250;VALÈNCIA;B2;NIVEL INTERMEDIO;1;FRANCÉS;1;24
2021;46027127;46;VALENCIA/VALÈNCIA;46250;VALÈNCIA;B2;NIVEL INTERMEDIO;1;INGLÉS;6;190
2021;46027127;46;VALENCIA/VALÈNCIA;46250;VALÈNCIA;B2;NIVEL INTERMEDIO;1;ITALIANO;1;16
2021;46027127;46;VALENCIA/VALÈNCIA;46250;VALÈNCIA;B2;NIVEL INTERMEDIO;1;VALENCIANO;1;37
2021;46027127;46;VALENCIA/VALÈNCIA;46250;VALÈNCIA;B2;NIVEL INTERMEDIO;2;FRANCÉS;1;16
2021;46027127;46;VALENCIA/VALÈNCIA;46250;VALÈNCIA;B2;NIVEL INTERMEDIO;2;INGLÉS;5;134
2021;46027127;46;VALENCIA/VALÈNCIA;46250;VALÈNCIA;B2;NIVEL INTERMEDIO;2;ITALIANO;1;17
2021;46027127;46;VALENCIA/VALÈNCIA;46250;VALÈNCIA;C1;NIVEL AVANZADO;1;INGLÉS;7;191
2021;46027127;46;VALENCIA/VALÈNCIA;46250;VALÈNCIA;C1;NIVEL AVANZADO;1;VALENCIANO;2;51
2021;46027127;46;VALENCIA/VALÈNCIA;46250;VALÈNCIA;C1;NIVEL AVANZADO;2;INGLÉS;4;86
2021;46027127;46;VALENCIA/VALÈNCIA;46250;VALÈNCIA;C2;NIVEL AVANZADO;1;INGLÉS;1;29
2021;46027127;46;VALENCIA/VALÈNCIA;46250;VALÈNCIA;C2;NIVEL AVANZADO;1;VALENCIANO;2;52
2021;46027127;46;VALENCIA/VALÈNCIA;46250;VALÈNCIA;C2;NIVEL AVANZADO;2;INGLÉS;1;21
2021;46027127;46;VALENCIA/VALÈNCIA;46250;VALÈNCIA;C2;NIVEL AVANZADO;2;VALENCIANO;1;13
2021;46027127;46;VALENCIA/VALÈNCIA;46250;VALÈNCIA;COMPLEMENTARIO TIPO A;SIN DEFINIR;A;ALEMÁN;1;6
2021;46027127;46;VALENCIA/VALÈNCIA;46250;VALÈNCIA;COMPLEMENTARIO TIPO A;SIN DEFINIR;A;FRANCÉS;2;4
2021;46027127;46;VALENCIA/VALÈNCIA;46250;VALÈNCIA;COMPLEMENTARIO TIPO A;SIN DEFINIR;A;INGLÉS;7;56
2021;46027127;46;VALENCIA/VALÈNCIA;46250;VALÈNCIA;COMPLEMENTARIO TIPO B;SIN DEFINIR;B;INGLÉS;2;13
2021;46027127;46;VALENCIA/VALÈNCIA;46250;VALÈNCIA;COMPLEMENTARIO TIPO B;SIN DEFINIR;B;ITALIANO;1;2
2021;46028661;46;VALENCIA/VALÈNCIA;46145;XÀTIVA;A2;NIVEL BÁSICO;1;ALEMÁN;3;35
2021;46028661;46;VALENCIA/VALÈNCIA;46145;XÀTIVA;A2;NIVEL BÁSICO;1;FRANCÉS;4;39
2021;46028661;46;VALENCIA/VALÈNCIA;46145;XÀTIVA;A2;NIVEL BÁSICO;1;INGLÉS;5;101
2021;46028661;46;VALENCIA/VALÈNCIA;46145;XÀTIVA;A2;NIVEL BÁSICO;2;ALEMÁN;2;23
2021;46028661;46;VALENCIA/VALÈNCIA;46145;XÀTIVA;A2;NIVEL BÁSICO;2;FRANCÉS;4;24
2021;46028661;46;VALENCIA/VALÈNCIA;46145;XÀTIVA;A2;NIVEL BÁSICO;2;INGLÉS;4;73
2021;46028661;46;VALENCIA/VALÈNCIA;46145;XÀTIVA;B1;NIVEL INTERMEDIO;1;ALEMÁN;2;15
2021;46028661;46;VALENCIA/VALÈNCIA;46145;XÀTIVA;B1;NIVEL INTERMEDIO;1;FRANCÉS;2;31
2021;46028661;46;VALENCIA/VALÈNCIA;46145;XÀTIVA;B1;NIVEL INTERMEDIO;1;INGLÉS;10;214
2021;46028661;46;VALENCIA/VALÈNCIA;46145;XÀTIVA;B1;NIVEL INTERMEDIO;2;ALEMÁN;2;13
2021;46028661;46;VALENCIA/VALÈNCIA;46145;XÀTIVA;B1;NIVEL INTERMEDIO;2;FRANCÉS;2;17
2021;46028661;46;VALENCIA/VALÈNCIA;46145;XÀTIVA;B1;NIVEL INTERMEDIO;2;INGLÉS;8;190
2021;46028661;46;VALENCIA/VALÈNCIA;46145;XÀTIVA;B2;NIVEL INTERMEDIO;1;ALEMÁN;1;6
2021;46028661;46;VALENCIA/VALÈNCIA;46145;XÀTIVA;B2;NIVEL INTERMEDIO;1;FRANCÉS;1;8
2021;46028661;46;VALENCIA/VALÈNCIA;46145;XÀTIVA;B2;NIVEL INTERMEDIO;1;INGLÉS;8;157
2021;46028661;46;VALENCIA/VALÈNCIA;46145;XÀTIVA;B2;NIVEL INTERMEDIO;2;ALEMÁN;1;11
2021;46028661;46;VALENCIA/VALÈNCIA;46145;XÀTIVA;B2;NIVEL INTERMEDIO;2;FRANCÉS;1;14
2021;46028661;46;VALENCIA/VALÈNCIA;46145;XÀTIVA;B2;NIVEL INTERMEDIO;2;INGLÉS;8;160
2021;46028661;46;VALENCIA/VALÈNCIA;46145;XÀTIVA;C1;NIVEL AVANZADO;1;INGLÉS;7;122
2021;46028661;46;VALENCIA/VALÈNCIA;46145;XÀTIVA;C1;NIVEL AVANZADO;1;VALENCIANO;6;122
2021;46028661;46;VALENCIA/VALÈNCIA;46145;XÀTIVA;C1;NIVEL AVANZADO;2;INGLÉS;4;80
2021;46028661;46;VALENCIA/VALÈNCIA;46145;XÀTIVA;C2;NIVEL AVANZADO;1;INGLÉS;2;19
2021;46028661;46;VALENCIA/VALÈNCIA;46145;XÀTIVA;C2;NIVEL AVANZADO;1;VALENCIANO;2;31
2021;46028661;46;VALENCIA/VALÈNCIA;46145;XÀTIVA;C2;NIVEL AVANZADO;2;INGLÉS;2;16
2021;46028661;46;VALENCIA/VALÈNCIA;46145;XÀTIVA;C2;NIVEL AVANZADO;2;VALENCIANO;2;35
2021;46028661;46;VALENCIA/VALÈNCIA;46145;XÀTIVA;COMPLEMENTARIO TIPO A;SIN DEFINIR;A;ALEMÁN;2;7
2021;46028661;46;VALENCIA/VALÈNCIA;46145;XÀTIVA;COMPLEMENTARIO TIPO A;SIN DEFINIR;A;FRANCÉS;1;6
2021;46028661;46;VALENCIA/VALÈNCIA;46145;XÀTIVA;COMPLEMENTARIO TIPO A;SIN DEFINIR;A;INGLÉS;6;61
2021;46028661;46;VALENCIA/VALÈNCIA;46145;XÀTIVA;COMPLEMENTARIO TIPO A;SIN DEFINIR;A;VALENCIANO;1;1
2021;46031313;46;VALENCIA/VALÈNCIA;46147;LLÍRIA;A2;NIVEL BÁSICO;1;ALEMÁN;2;28
2021;46031313;46;VALENCIA/VALÈNCIA;46147;LLÍRIA;A2;NIVEL BÁSICO;1;ESPAÑOL COMO LENGUA EXTRANJERA;1;18
2021;46031313;46;VALENCIA/VALÈNCIA;46147;LLÍRIA;A2;NIVEL BÁSICO;1;FRANCÉS;3;56
2021;46031313;46;VALENCIA/VALÈNCIA;46147;LLÍRIA;A2;NIVEL BÁSICO;1;INGLÉS;4;90
2021;46031313;46;VALENCIA/VALÈNCIA;46147;LLÍRIA;A2;NIVEL BÁSICO;2;ALEMÁN;2;6
2021;46031313;46;VALENCIA/VALÈNCIA;46147;LLÍRIA;A2;NIVEL BÁSICO;2;ESPAÑOL COMO LENGUA EXTRANJERA;1;16
2021;46031313;46;VALENCIA/VALÈNCIA;46147;LLÍRIA;A2;NIVEL BÁSICO;2;FRANCÉS;2;29
2021;46031313;46;VALENCIA/VALÈNCIA;46147;LLÍRIA;A2;NIVEL BÁSICO;2;INGLÉS;4;70
2021;46031313;46;VALENCIA/VALÈNCIA;46147;LLÍRIA;B1;NIVEL INTERMEDIO;1;ALEMÁN;1;14
2021;46031313;46;VALENCIA/VALÈNCIA;46147;LLÍRIA;B1;NIVEL INTERMEDIO;1;FRANCÉS;3;30
2021;46031313;46;VALENCIA/VALÈNCIA;46147;LLÍRIA;B1;NIVEL INTERMEDIO;1;INGLÉS;8;174
2021;46031313;46;VALENCIA/VALÈNCIA;46147;LLÍRIA;B1;NIVEL INTERMEDIO;1;VALENCIANO;1;12
2021;46031313;46;VALENCIA/VALÈNCIA;46147;LLÍRIA;B1;NIVEL INTERMEDIO;2;ALEMÁN;1;9
2021;46031313;46;VALENCIA/VALÈNCIA;46147;LLÍRIA;B1;NIVEL INTERMEDIO;2;FRANCÉS;1;9
2021;46031313;46;VALENCIA/VALÈNCIA;46147;LLÍRIA;B1;NIVEL INTERMEDIO;2;INGLÉS;6;162
2021;46031313;46;VALENCIA/VALÈNCIA;46147;LLÍRIA;B2;NIVEL INTERMEDIO;1;ALEMÁN;1;11
2021;46031313;46;VALENCIA/VALÈNCIA;46147;LLÍRIA;B2;NIVEL INTERMEDIO;1;FRANCÉS;1;15
2021;46031313;46;VALENCIA/VALÈNCIA;46147;LLÍRIA;B2;NIVEL INTERMEDIO;1;INGLÉS;6;128
2021;46031313;46;VALENCIA/VALÈNCIA;46147;LLÍRIA;B2;NIVEL INTERMEDIO;1;VALENCIANO;1;21
2021;46031313;46;VALENCIA/VALÈNCIA;46147;LLÍRIA;B2;NIVEL INTERMEDIO;2;ALEMÁN;1;4
2021;46031313;46;VALENCIA/VALÈNCIA;46147;LLÍRIA;B2;NIVEL INTERMEDIO;2;FRANCÉS;1;4
2021;46031313;46;VALENCIA/VALÈNCIA;46147;LLÍRIA;B2;NIVEL INTERMEDIO;2;INGLÉS;6;114
2021;46031313;46;VALENCIA/VALÈNCIA;46147;LLÍRIA;C1;NIVEL AVANZADO;1;FRANCÉS;1;13
2021;46031313;46;VALENCIA/VALÈNCIA;46147;LLÍRIA;C1;NIVEL AVANZADO;1;INGLÉS;5;111
2021;46031313;46;VALENCIA/VALÈNCIA;46147;LLÍRIA;C1;NIVEL AVANZADO;1;VALENCIANO;2;32
2021;46031313;46;VALENCIA/VALÈNCIA;46147;LLÍRIA;C1;NIVEL AVANZADO;2;FRANCÉS;1;4
2021;46031313;46;VALENCIA/VALÈNCIA;46147;LLÍRIA;C1;NIVEL AVANZADO;2;INGLÉS;4;46
2021;46031313;46;VALENCIA/VALÈNCIA;46147;LLÍRIA;C2;NIVEL AVANZADO;1;VALENCIANO;1;22
2021;46031313;46;VALENCIA/VALÈNCIA;46147;LLÍRIA;C2;NIVEL AVANZADO;2;VALENCIANO;1;10
2021;46031313;46;VALENCIA/VALÈNCIA;46147;LLÍRIA;COMPLEMENTARIO TIPO A;SIN DEFINIR;A;INGLÉS;2;23
2021;46031313;46;VALENCIA/VALÈNCIA;46147;LLÍRIA;COMPLEMENTARIO TIPO B;SIN DEFINIR;B;INGLÉS;1;9
2021;46031337;46;VALENCIA/VALÈNCIA;46244;TORRENT;A2;NIVEL BÁSICO;1;ALEMÁN;2;42
2021;46031337;46;VALENCIA/VALÈNCIA;46244;TORRENT;A2;NIVEL BÁSICO;1;FRANCÉS;2;49
2021;46031337;46;VALENCIA/VALÈNCIA;46244;TORRENT;A2;NIVEL BÁSICO;1;INGLÉS;4;110
2021;46031337;46;VALENCIA/VALÈNCIA;46244;TORRENT;A2;NIVEL BÁSICO;1;ITALIANO;2;46
2021;46031337;46;VALENCIA/VALÈNCIA;46244;TORRENT;A2;NIVEL BÁSICO;1;VALENCIANO;1;28
2021;46031337;46;VALENCIA/VALÈNCIA;46244;TORRENT;A2;NIVEL BÁSICO;2;ALEMÁN;1;16
2021;46031337;46;VALENCIA/VALÈNCIA;46244;TORRENT;A2;NIVEL BÁSICO;2;FRANCÉS;1;18
2021;46031337;46;VALENCIA/VALÈNCIA;46244;TORRENT;A2;NIVEL BÁSICO;2;INGLÉS;4;111
2021;46031337;46;VALENCIA/VALÈNCIA;46244;TORRENT;A2;NIVEL BÁSICO;2;ITALIANO;2;17
2021;46031337;46;VALENCIA/VALÈNCIA;46244;TORRENT;B1;NIVEL INTERMEDIO;1;ALEMÁN;1;11
2021;46031337;46;VALENCIA/VALÈNCIA;46244;TORRENT;B1;NIVEL INTERMEDIO;1;FRANCÉS;1;25
2021;46031337;46;VALENCIA/VALÈNCIA;46244;TORRENT;B1;NIVEL INTERMEDIO;1;INGLÉS;7;200
2021;46031337;46;VALENCIA/VALÈNCIA;46244;TORRENT;B1;NIVEL INTERMEDIO;1;ITALIANO;1;27
2021;46031337;46;VALENCIA/VALÈNCIA;46244;TORRENT;B1;NIVEL INTERMEDIO;1;VALENCIANO;1;13
2021;46031337;46;VALENCIA/VALÈNCIA;46244;TORRENT;B1;NIVEL INTERMEDIO;2;ALEMÁN;1;7
2021;46031337;46;VALENCIA/VALÈNCIA;46244;TORRENT;B1;NIVEL INTERMEDIO;2;FRANCÉS;2;13
2021;46031337;46;VALENCIA/VALÈNCIA;46244;TORRENT;B1;NIVEL INTERMEDIO;2;INGLÉS;7;146
2021;46031337;46;VALENCIA/VALÈNCIA;46244;TORRENT;B2;NIVEL INTERMEDIO;1;FRANCÉS;1;10
2021;46031337;46;VALENCIA/VALÈNCIA;46244;TORRENT;B2;NIVEL INTERMEDIO;1;INGLÉS;7;172
2021;46031337;46;VALENCIA/VALÈNCIA;46244;TORRENT;B2;NIVEL INTERMEDIO;1;VALENCIANO;2;33
2021;46031337;46;VALENCIA/VALÈNCIA;46244;TORRENT;B2;NIVEL INTERMEDIO;2;FRANCÉS;1;11
2021;46031337;46;VALENCIA/VALÈNCIA;46244;TORRENT;B2;NIVEL INTERMEDIO;2;INGLÉS;7;109
2021;46031337;46;VALENCIA/VALÈNCIA;46244;TORRENT;C1;NIVEL AVANZADO;1;INGLÉS;4;59
2021;46031337;46;VALENCIA/VALÈNCIA;46244;TORRENT;C1;NIVEL AVANZADO;1;VALENCIANO;1;21
2021;46031337;46;VALENCIA/VALÈNCIA;46244;TORRENT;C1;NIVEL AVANZADO;2;INGLÉS;1;22
2021;46031337;46;VALENCIA/VALÈNCIA;46244;TORRENT;C2;NIVEL AVANZADO;1;VALENCIANO;1;22
2021;46031337;46;VALENCIA/VALÈNCIA;46244;TORRENT;C2;NIVEL AVANZADO;2;VALENCIANO;2;16
2021;46031337;46;VALENCIA/VALÈNCIA;46244;TORRENT;COMPLEMENTARIO TIPO A;SIN DEFINIR;A;INGLÉS;2;20
2021;46031337;46;VALENCIA/VALÈNCIA;46244;TORRENT;COMPLEMENTARIO TIPO B;SIN DEFINIR;B;FRANCÉS;3;13
2021;46031337;46;VALENCIA/VALÈNCIA;46244;TORRENT;COMPLEMENTARIO TIPO B;SIN DEFINIR;B;ITALIANO;1;7
2021;46031337;46;VALENCIA/VALÈNCIA;46244;TORRENT;COMPLEMENTARIO TIPO B;SIN DEFINIR;B;VALENCIANO;1;2
2021;46036414;46;VALENCIA/VALÈNCIA;46250;VALÈNCIA;A2;NIVEL BÁSICO;1;ALEMÁN;2;33
2021;46036414;46;VALENCIA/VALÈNCIA;46250;VALÈNCIA;A2;NIVEL BÁSICO;1;FRANCÉS;5;79
2021;46036414;46;VALENCIA/VALÈNCIA;46250;VALÈNCIA;A2;NIVEL BÁSICO;1;INGLÉS;10;181
2021;46036414;46;VALENCIA/VALÈNCIA;46250;VALÈNCIA;A2;NIVEL BÁSICO;1;VALENCIANO;1;33
2021;46036414;46;VALENCIA/VALÈNCIA;46250;VALÈNCIA;A2;NIVEL BÁSICO;2;ALEMÁN;1;5
2021;46036414;46;VALENCIA/VALÈNCIA;46250;VALÈNCIA;A2;NIVEL BÁSICO;2;FRANCÉS;2;32
2021;46036414;46;VALENCIA/VALÈNCIA;46250;VALÈNCIA;A2;NIVEL BÁSICO;2;INGLÉS;6;143
2021;46036414;46;VALENCIA/VALÈNCIA;46250;VALÈNCIA;B1;NIVEL INTERMEDIO;1;ALEMÁN;1;11
2021;46036414;46;VALENCIA/VALÈNCIA;46250;VALÈNCIA;B1;NIVEL INTERMEDIO;1;FRANCÉS;3;44
2021;46036414;46;VALENCIA/VALÈNCIA;46250;VALÈNCIA;B1;NIVEL INTERMEDIO;1;INGLÉS;11;274
2021;46036414;46;VALENCIA/VALÈNCIA;46250;VALÈNCIA;B1;NIVEL INTERMEDIO;1;VALENCIANO;1;21
2021;46036414;46;VALENCIA/VALÈNCIA;46250;VALÈNCIA;B1;NIVEL INTERMEDIO;2;ALEMÁN;1;17
2021;46036414;46;VALENCIA/VALÈNCIA;46250;VALÈNCIA;B1;NIVEL INTERMEDIO;2;FRANCÉS;1;15
2021;46036414;46;VALENCIA/VALÈNCIA;46250;VALÈNCIA;B1;NIVEL INTERMEDIO;2;INGLÉS;10;173
2021;46036414;46;VALENCIA/VALÈNCIA;46250;VALÈNCIA;B2;NIVEL INTERMEDIO;1;ALEMÁN;1;7
2021;46036414;46;VALENCIA/VALÈNCIA;46250;VALÈNCIA;B2;NIVEL INTERMEDIO;1;FRANCÉS;1;27
2021;46036414;46;VALENCIA/VALÈNCIA;46250;VALÈNCIA;B2;NIVEL INTERMEDIO;1;INGLÉS;10;214
2021;46036414;46;VALENCIA/VALÈNCIA;46250;VALÈNCIA;B2;NIVEL INTERMEDIO;1;VALENCIANO;2;59
2021;46036414;46;VALENCIA/VALÈNCIA;46250;VALÈNCIA;B2;NIVEL INTERMEDIO;2;INGLÉS;7;182
2021;46036414;46;VALENCIA/VALÈNCIA;46250;VALÈNCIA;C1;NIVEL AVANZADO;1;INGLÉS;13;237
2021;46036414;46;VALENCIA/VALÈNCIA;46250;VALÈNCIA;C1;NIVEL AVANZADO;1;VALENCIANO;1;29
2021;46036414;46;VALENCIA/VALÈNCIA;46250;VALÈNCIA;C1;NIVEL AVANZADO;2;INGLÉS;9;141
2021;46036414;46;VALENCIA/VALÈNCIA;46250;VALÈNCIA;C2;NIVEL AVANZADO;1;INGLÉS;2;44
2021;46036414;46;VALENCIA/VALÈNCIA;46250;VALÈNCIA;C2;NIVEL AVANZADO;1;VALENCIANO;1;26
2021;46036414;46;VALENCIA/VALÈNCIA;46250;VALÈNCIA;C2;NIVEL AVANZADO;2;VALENCIANO;1;15
2021;46036414;46;VALENCIA/VALÈNCIA;46250;VALÈNCIA;COMPLEMENTARIO TIPO A;SIN DEFINIR;A;FRANCÉS;1;4
2021;46036414;46;VALENCIA/VALÈNCIA;46250;VALÈNCIA;COMPLEMENTARIO TIPO A;SIN DEFINIR;A;INGLÉS;11;81
2021;46036414;46;VALENCIA/VALÈNCIA;46250;VALÈNCIA;COMPLEMENTARIO TIPO A;SIN DEFINIR;A;VALENCIANO;1;2
2021;46036426;46;VALENCIA/VALÈNCIA;46190;PATERNA;A2;NIVEL BÁSICO;1;ALEMÁN;2;27
2021;46036426;46;VALENCIA/VALÈNCIA;46190;PATERNA;A2;NIVEL BÁSICO;1;FRANCÉS;2;49
2021;46036426;46;VALENCIA/VALÈNCIA;46190;PATERNA;A2;NIVEL BÁSICO;1;INGLÉS;4;109
2021;46036426;46;VALENCIA/VALÈNCIA;46190;PATERNA;A2;NIVEL BÁSICO;1;ITALIANO;2;50
2021;46036426;46;VALENCIA/VALÈNCIA;46190;PATERNA;A2;NIVEL BÁSICO;2;ALEMÁN;1;21
2021;46036426;46;VALENCIA/VALÈNCIA;46190;PATERNA;A2;NIVEL BÁSICO;2;FRANCÉS;2;32
2021;46036426;46;VALENCIA/VALÈNCIA;46190;PATERNA;A2;NIVEL BÁSICO;2;INGLÉS;3;80
2021;46036426;46;VALENCIA/VALÈNCIA;46190;PATERNA;A2;NIVEL BÁSICO;2;ITALIANO;1;18
2021;46036426;46;VALENCIA/VALÈNCIA;46190;PATERNA;B1;NIVEL INTERMEDIO;1;ALEMÁN;1;16
2021;46036426;46;VALENCIA/VALÈNCIA;46190;PATERNA;B1;NIVEL INTERMEDIO;1;FRANCÉS;1;28
2021;46036426;46;VALENCIA/VALÈNCIA;46190;PATERNA;B1;NIVEL INTERMEDIO;1;INGLÉS;7;194
2021;46036426;46;VALENCIA/VALÈNCIA;46190;PATERNA;B1;NIVEL INTERMEDIO;1;ITALIANO;1;18
2021;46036426;46;VALENCIA/VALÈNCIA;46190;PATERNA;B1;NIVEL INTERMEDIO;2;ALEMÁN;1;14
2021;46036426;46;VALENCIA/VALÈNCIA;46190;PATERNA;B1;NIVEL INTERMEDIO;2;FRANCÉS;1;14
2021;46036426;46;VALENCIA/VALÈNCIA;46190;PATERNA;B1;NIVEL INTERMEDIO;2;INGLÉS;4;110
2021;46036426;46;VALENCIA/VALÈNCIA;46190;PATERNA;B2;NIVEL INTERMEDIO;1;INGLÉS;4;85
2021;46036426;46;VALENCIA/VALÈNCIA;46190;PATERNA;B2;NIVEL INTERMEDIO;2;INGLÉS;4;108
2021;46036426;46;VALENCIA/VALÈNCIA;46190;PATERNA;C1;NIVEL AVANZADO;1;INGLÉS;3;72
2021;46036426;46;VALENCIA/VALÈNCIA;46190;PATERNA;C1;NIVEL AVANZADO;1;VALENCIANO;2;36
2021;46036426;46;VALENCIA/VALÈNCIA;46190;PATERNA;C1;NIVEL AVANZADO;2;INGLÉS;2;43
2021;46036426;46;VALENCIA/VALÈNCIA;46190;PATERNA;C2;NIVEL AVANZADO;1;VALENCIANO;1;22
2021;46036426;46;VALENCIA/VALÈNCIA;46190;PATERNA;C2;NIVEL AVANZADO;2;VALENCIANO;1;8
2021;46036426;46;VALENCIA/VALÈNCIA;46190;PATERNA;COMPLEMENTARIO TIPO A;SIN DEFINIR;A;INGLÉS;4;54
